orderID,orderDate,requiredDate,shippedDate,freight,unitPrice,quantity,discount
10248,00:00.0,00:00.0,00:00.0,32.38,14,12,0
10249,00:00.0,00:00.0,00:00.0,11.61,9.8,10,0
10250,00:00.0,00:00.0,00:00.0,65.83,34.8,5,0
10251,00:00.0,00:00.0,00:00.0,41.34,18.6,9,0
10252,00:00.0,00:00.0,00:00.0,51.3,42.4,40,0
10253,00:00.0,00:00.0,00:00.0,58.17,7.7,10,0
10254,00:00.0,00:00.0,00:00.0,22.98,42.4,35,0.15
10255,00:00.0,00:00.0,00:00.0,148.33,16.8,15,0.15
10256,00:00.0,00:00.0,00:00.0,13.97,16.8,6,0.05
10257,00:00.0,00:00.0,00:00.0,81.91,15.6,15,0.05
10258,00:00.0,00:00.0,00:00.0,140.51,16.8,20,0
10259,00:00.0,00:00.0,00:00.0,3.25,64.8,40,0.05
10260,00:00.0,00:00.0,00:00.0,55.09,2,25,0.05
10261,00:00.0,00:00.0,00:00.0,3.05,27.2,40,0
10262,00:00.0,00:00.0,00:00.0,48.29,10,20,0
10263,00:00.0,00:00.0,00:00.0,146.06,14.4,42,0
10264,00:00.0,00:00.0,00:00.0,3.67,16,40,0
10265,00:00.0,00:00.0,00:00.0,55.28,3.6,15,0.15
10266,00:00.0,00:00.0,00:00.0,25.73,19.2,21,0.15
10267,00:00.0,00:00.0,00:00.0,208.58,8,21,0
10268,00:00.0,00:00.0,00:00.0,66.29,15.2,20,0
10269,00:00.0,00:00.0,00:00.0,4.56,13.9,35,0
10270,00:00.0,00:00.0,00:00.0,136.54,15.2,25,0
10271,00:00.0,00:00.0,00:00.0,4.54,44,30,0
10272,00:00.0,00:00.0,00:00.0,98.03,26.2,15,0
10273,00:00.0,00:00.0,00:00.0,76.07,10.4,12,0
10274,00:00.0,00:00.0,00:00.0,6.01,35.1,25,0
10275,00:00.0,00:00.0,00:00.0,26.93,14.4,6,0
10276,00:00.0,00:00.0,00:00.0,13.84,10.4,15,0
10277,00:00.0,00:00.0,00:00.0,125.77,15.2,50,0.2
10278,00:00.0,00:00.0,00:00.0,92.69,17,65,0.2
10279,00:00.0,00:00.0,00:00.0,25.83,25.6,6,0.2
10280,00:00.0,00:00.0,00:00.0,8.98,8,10,0
10281,00:00.0,00:00.0,00:00.0,2.94,20.8,1,0
10282,00:00.0,00:00.0,00:00.0,12.69,7.7,16,0.25
10283,00:00.0,00:00.0,00:00.0,84.81,15.6,50,0
10284,00:00.0,00:00.0,00:00.0,76.56,39.4,15,0.25
10285,00:00.0,00:00.0,00:00.0,76.83,12,21,0.25
10286,00:00.0,00:00.0,00:00.0,229.24,8,20,0
10287,00:00.0,00:00.0,00:00.0,12.76,14.4,20,0
10288,00:00.0,00:00.0,00:00.0,7.45,17,12,0.2
10289,00:00.0,00:00.0,00:00.0,22.77,24,15,0
10290,00:00.0,00:00.0,00:00.0,79.7,30.4,2,0
10291,00:00.0,00:00.0,00:00.0,6.4,13.9,60,0.25
10292,00:00.0,00:00.0,00:00.0,1.35,3.6,28,0
10293,00:00.0,00:00.0,00:00.0,21.18,20.7,60,0.25
10294,00:00.0,00:00.0,00:00.0,147.26,8,36,0.25
10295,00:00.0,00:00.0,00:00.0,1.15,15.2,35,0
10296,00:00.0,00:00.0,00:00.0,0.12,7.7,25,0.15
10297,00:00.0,00:00.0,00:00.0,5.74,31.2,30,0
10298,00:00.0,00:00.0,00:00.0,168.22,12,20,0
10299,00:00.0,00:00.0,00:00.0,29.76,30.4,12,0.05
10300,00:00.0,00:00.0,00:00.0,17.68,14.7,50,0
10301,00:00.0,00:00.0,00:00.0,45.08,44,70,0.15
10302,00:00.0,00:00.0,00:00.0,6.27,14.4,15,0.15
10303,00:00.0,00:00.0,00:00.0,107.83,99,10,0
10304,00:00.0,00:00.0,00:00.0,63.79,27.8,4,0
10305,00:00.0,00:00.0,00:00.0,257.62,2,60,0.05
10306,00:00.0,00:00.0,00:00.0,7.56,27.8,20,0.05
10307,00:00.0,00:00.0,00:00.0,0.56,15.2,30,0
10308,00:00.0,00:00.0,00:00.0,1.61,36.8,25,0
10309,00:00.0,00:00.0,00:00.0,47.3,2,24,0
10310,00:00.0,00:00.0,00:00.0,17.52,64.8,6,0
10311,00:00.0,00:00.0,00:00.0,24.69,10,40,0
10312,00:00.0,00:00.0,00:00.0,40.26,27.8,24,0
10313,00:00.0,00:00.0,00:00.0,1.96,24.8,24,0.05
10314,00:00.0,00:00.0,00:00.0,74.16,10,15,0.05
10315,00:00.0,00:00.0,00:00.0,41.76,2,20,0
10316,00:00.0,00:00.0,00:00.0,150.15,14.7,60,0.05
10317,00:00.0,00:00.0,00:00.0,12.69,14.4,33,0.05
10318,00:00.0,00:00.0,00:00.0,4.73,17.2,20,0
10319,00:00.0,00:00.0,00:00.0,64.5,27.8,7,0
10320,00:00.0,00:00.0,00:00.0,34.57,3.6,12,0.05
10321,00:00.0,00:00.0,00:00.0,3.43,44,6,0.05
10322,00:00.0,00:00.0,00:00.0,0.4,24.8,15,0
10323,00:00.0,00:00.0,00:00.0,4.88,4.8,10,0
10324,00:00.0,00:00.0,00:00.0,214.27,36.4,20,0
10325,00:00.0,00:00.0,00:00.0,64.86,39.4,12,0
10326,00:00.0,00:00.0,00:00.0,77.92,15.5,16,0
10327,00:00.0,00:00.0,00:00.0,63.36,44,15,0
10328,00:00.0,00:00.0,00:00.0,87.03,35.1,8,0
10329,00:00.0,00:00.0,00:00.0,191.67,12,25,0
10330,00:00.0,00:00.0,00:00.0,12.75,31.2,15,0.25
10331,00:00.0,00:00.0,00:00.0,10.19,3.6,12,0
10332,00:00.0,00:00.0,00:00.0,52.84,19.2,20,0
10333,00:00.0,00:00.0,00:00.0,0.59,6.2,30,0
10334,00:00.0,00:00.0,00:00.0,8.56,7.3,1,0
10335,00:00.0,00:00.0,00:00.0,42.11,3.6,6,0
10336,00:00.0,00:00.0,00:00.0,15.51,14.4,4,0
10337,00:00.0,00:00.0,00:00.0,108.26,20.7,6,0
10338,00:00.0,00:00.0,00:00.0,84.21,15.6,2,0
10339,00:00.0,00:00.0,00:00.0,15.66,12.4,20,0
10340,00:00.0,00:00.0,00:00.0,166.31,7.3,18,0
10341,00:00.0,00:00.0,00:00.0,26.78,27.2,35,0
10342,00:00.0,00:00.0,00:00.0,54.83,27.8,3,0
10343,00:00.0,00:00.0,00:00.0,110.37,35.1,15,0.25
10344,00:00.0,00:00.0,00:00.0,23.29,15.5,21,0
10345,00:00.0,00:00.0,00:00.0,249.06,27.2,20,0.25
10346,00:00.0,00:00.0,00:00.0,142.08,11.2,5,0.25
10347,00:00.0,00:00.0,00:00.0,3.1,14.4,45,0.2
10348,00:00.0,00:00.0,00:00.0,0.78,14.7,40,0.2
10349,00:00.0,00:00.0,00:00.0,8.63,26.2,36,0.2
10350,00:00.0,00:00.0,00:00.0,64.19,14.4,100,0
10351,00:00.0,00:00.0,00:00.0,162.33,39.4,40,0
10352,00:00.0,00:00.0,00:00.0,1.3,13.9,40,0.15
10353,00:00.0,00:00.0,00:00.0,360.63,11.2,20,0
10354,00:00.0,00:00.0,00:00.0,53.8,9.6,15,0.15
10355,00:00.0,00:00.0,00:00.0,41.95,5.9,10,0.1
10356,00:00.0,00:00.0,00:00.0,36.71,10,3,0.1
10357,00:00.0,00:00.0,00:00.0,34.88,8,30,0
10358,00:00.0,00:00.0,00:00.0,19.64,26.6,9,0
10359,00:00.0,00:00.0,00:00.0,288.43,17,20,0
10360,00:00.0,00:00.0,00:00.0,131.7,99,15,0
10361,00:00.0,00:00.0,00:00.0,183.17,16,15,0
10362,00:00.0,00:00.0,00:00.0,96.04,10.4,10,0
10363,00:00.0,00:00.0,00:00.0,30.54,4.8,20,0.1
10364,00:00.0,00:00.0,00:00.0,71.97,15.5,24,0.1
10365,00:00.0,00:00.0,00:00.0,22,42.4,2,0.1
10366,00:00.0,00:00.0,00:00.0,10.14,64.8,20,0
10367,00:00.0,00:00.0,00:00.0,13.55,50,12,0
10368,00:00.0,00:00.0,00:00.0,101.95,3.6,10,0
10369,00:00.0,00:00.0,00:00.0,195.68,35.1,5,0
10370,00:00.0,00:00.0,00:00.0,1.17,6.2,6,0
10371,00:00.0,00:00.0,00:00.0,0.45,14.4,18,0
10372,00:00.0,00:00.0,00:00.0,890.78,31.2,15,0
10373,00:00.0,00:00.0,00:00.0,124.12,36.8,15,0
10374,00:00.0,00:00.0,00:00.0,3.94,27.2,21,0
10375,00:00.0,00:00.0,00:00.0,20.12,6.2,6,0
10376,00:00.0,00:00.0,00:00.0,20.39,30.4,4,0
10377,00:00.0,00:00.0,00:00.0,22.21,16.8,12,0
10378,00:00.0,00:00.0,00:00.0,5.44,13.9,30,0
10379,00:00.0,00:00.0,00:00.0,45.03,28.8,15,0
10380,00:00.0,00:00.0,00:00.0,35.03,14.4,60,0
10381,00:00.0,00:00.0,00:00.0,7.99,27.8,20,0
10382,00:00.0,00:00.0,00:00.0,94.77,15.2,40,0
10383,00:00.0,00:00.0,00:00.0,34.24,15.2,40,0.25
10384,00:00.0,00:00.0,00:00.0,168.64,44,30,0.25
10385,00:00.0,00:00.0,00:00.0,30.96,39.4,15,0
10386,00:00.0,00:00.0,00:00.0,13.99,7.3,15,0
10387,00:00.0,00:00.0,00:00.0,93.63,12,20,0
10388,00:00.0,00:00.0,00:00.0,34.86,13.6,30,0
10389,00:00.0,00:00.0,00:00.0,47.42,10,20,0
10390,00:00.0,00:00.0,00:00.0,126.38,14.7,10,0
10391,00:00.0,00:00.0,00:00.0,5.45,30.4,20,0
10392,00:00.0,00:00.0,00:00.0,122.46,31.2,40,0
10393,00:00.0,00:00.0,00:00.0,126.56,36.4,28,0
10394,00:00.0,00:00.0,00:00.0,30.34,36.8,12,0
10395,00:00.0,00:00.0,00:00.0,184.41,14.7,40,0.1
10396,00:00.0,00:00.0,00:00.0,135.35,16.8,30,0.1
10397,00:00.0,00:00.0,00:00.0,60.26,10,15,0.1
10398,00:00.0,00:00.0,00:00.0,89.16,16,30,0
10399,00:00.0,00:00.0,00:00.0,27.36,44,10,0
10400,00:00.0,00:00.0,00:00.0,83.93,17.2,2,0
10401,00:00.0,00:00.0,00:00.0,12.51,50,25,0.1
10402,00:00.0,00:00.0,00:00.0,67.88,99,25,0.1
10403,00:00.0,00:00.0,00:00.0,73.79,14.4,30,0.1
10404,00:00.0,00:00.0,00:00.0,155.97,20.7,10,0
10405,00:00.0,00:00.0,00:00.0,34.82,26.2,10,0
10406,00:00.0,00:00.0,00:00.0,108.04,5.9,5,0
10407,00:00.0,00:00.0,00:00.0,91.48,39.4,10,0
10408,00:00.0,00:00.0,00:00.0,11.26,10,3,0
10409,00:00.0,00:00.0,00:00.0,29.83,28.8,1,0
10410,00:00.0,00:00.0,00:00.0,2.4,12,5,0
10411,00:00.0,00:00.0,00:00.0,23.65,17.6,20,0
10412,00:00.0,00:00.0,00:00.0,3.77,20,30,0
10413,00:00.0,00:00.0,00:00.0,95.66,11.2,2,0
10414,00:00.0,00:00.0,00:00.0,21.48,36.8,20,0
10415,00:00.0,00:00.0,00:00.0,0.2,17.2,3,0
10416,00:00.0,00:00.0,00:00.0,22.72,13.9,10,0
10417,00:00.0,00:00.0,00:00.0,70.29,39.4,5,0
10418,00:00.0,00:00.0,00:00.0,17.55,11.2,6,0
10419,00:00.0,00:00.0,00:00.0,137.35,28.8,7,0
10420,00:00.0,00:00.0,00:00.0,44.12,36.4,4,0
10421,00:00.0,00:00.0,00:00.0,99.23,36.8,24,0
10422,00:00.0,00:00.0,00:00.0,3.02,26.2,20,0
10423,00:00.0,00:00.0,00:00.0,24.5,6.2,10,0
10424,00:00.0,00:00.0,00:00.0,370.61,15.2,12,0
10425,00:00.0,00:00.0,00:00.0,7.93,25.6,40,0.1
10426,00:00.0,00:00.0,00:00.0,18.69,10.6,30,0.1
10427,00:00.0,00:00.0,00:00.0,31.29,39.4,25,0.1
10428,00:00.0,00:00.0,00:00.0,11.09,11.2,14,0
10429,00:00.0,00:00.0,00:00.0,56.63,12,30,0
10430,00:00.0,00:00.0,00:00.0,458.78,7.7,10,0
10431,00:00.0,00:00.0,00:00.0,44.17,39.4,70,0
10432,00:00.0,00:00.0,00:00.0,4.34,14.4,20,0
10433,00:00.0,00:00.0,00:00.0,73.83,7.7,20,0
10434,00:00.0,00:00.0,00:00.0,17.92,14.4,6,0
10435,00:00.0,00:00.0,00:00.0,9.21,31.2,8,0
10436,00:00.0,00:00.0,00:00.0,156.66,36.4,14,0
10437,00:00.0,00:00.0,00:00.0,19.97,14.4,30,0
10438,00:00.0,00:00.0,00:00.0,8.24,17.2,30,0
10439,00:00.0,00:00.0,00:00.0,4.07,14.4,10,0
10440,00:00.0,00:00.0,00:00.0,86.53,5.6,20,0
10441,00:00.0,00:00.0,00:00.0,73.02,12.4,5,0
10442,00:00.0,00:00.0,00:00.0,47.94,11.2,4,0
10443,00:00.0,00:00.0,00:00.0,13.95,14.4,4,0
10444,00:00.0,00:00.0,00:00.0,3.5,13.9,21,0.15
10445,00:00.0,00:00.0,00:00.0,9.3,14.4,70,0.15
10446,00:00.0,00:00.0,00:00.0,14.68,9.6,30,0
10447,00:00.0,00:00.0,00:00.0,68.66,44,40,0.15
10448,00:00.0,00:00.0,00:00.0,38.82,35.1,80,0.15
10449,00:00.0,00:00.0,00:00.0,53.3,20,6,0
10450,00:00.0,00:00.0,00:00.0,7.23,4.8,12,0
10451,00:00.0,00:00.0,00:00.0,189.09,18.6,9,0
10452,00:00.0,00:00.0,00:00.0,140.26,10,4,0
10453,00:00.0,00:00.0,00:00.0,25.36,27.8,40,0
10454,00:00.0,00:00.0,00:00.0,2.74,17.6,24,0
10455,00:00.0,00:00.0,00:00.0,180.45,15.6,16,0
10456,00:00.0,00:00.0,00:00.0,8.12,6.2,50,0
10457,00:00.0,00:00.0,00:00.0,11.57,15.2,25,0.2
10458,00:00.0,00:00.0,00:00.0,147.06,16.8,50,0.2
10459,00:00.0,00:00.0,00:00.0,25.09,20.7,35,0.2
10460,00:00.0,00:00.0,00:00.0,16.27,10.6,30,0.2
10461,00:00.0,00:00.0,00:00.0,148.61,44,9,0
10462,00:00.0,00:00.0,00:00.0,6.17,16.8,40,0
10463,00:00.0,00:00.0,00:00.0,14.78,10,10,0
10464,00:00.0,00:00.0,00:00.0,89,7.3,10,0.05
10465,00:00.0,00:00.0,00:00.0,145.04,20.7,8,0.05
10466,00:00.0,00:00.0,00:00.0,11.93,210.8,20,0.05
10467,00:00.0,00:00.0,00:00.0,4.93,30.4,12,0.05
10468,00:00.0,00:00.0,00:00.0,44.12,24.9,50,0.15
10469,00:00.0,00:00.0,00:00.0,60.18,27.8,25,0.15
10470,00:00.0,00:00.0,00:00.0,64.56,5.9,15,0
10471,00:00.0,00:00.0,00:00.0,45.59,50,40,0.2
10472,00:00.0,00:00.0,00:00.0,4.2,11.2,10,0.2
10473,00:00.0,00:00.0,00:00.0,16.37,7.6,16,0.2
10474,00:00.0,00:00.0,00:00.0,83.49,18.6,10,0
10475,00:00.0,00:00.0,00:00.0,68.52,8,10,0.1
10476,00:00.0,00:00.0,00:00.0,4.41,17.2,40,0.1
10477,00:00.0,00:00.0,00:00.0,13.02,5.6,8,0
10478,00:00.0,00:00.0,00:00.0,4.81,10,10,0
10479,00:00.0,00:00.0,00:00.0,708.95,15.2,7,0.2
10480,00:00.0,00:00.0,00:00.0,1.35,10,25,0.2
10481,00:00.0,00:00.0,00:00.0,64.33,25.6,6,0.2
10482,00:00.0,00:00.0,00:00.0,7.48,42.4,48,0.2
10483,00:00.0,00:00.0,00:00.0,15.28,17.6,18,0.1
10484,00:00.0,00:00.0,00:00.0,6.88,7.2,40,0
10485,00:00.0,00:00.0,00:00.0,64.45,24.9,24,0
10486,00:00.0,00:00.0,00:00.0,30.53,15.2,20,0
10487,00:00.0,00:00.0,00:00.0,71.07,20.8,28,0
10488,00:00.0,00:00.0,00:00.0,4.93,27.8,25,0
10489,00:00.0,00:00.0,00:00.0,5.29,31.2,20,0
10490,00:00.0,00:00.0,00:00.0,210.19,20.7,15,0
10491,00:00.0,00:00.0,00:00.0,16.96,17.6,10,0
10492,00:00.0,00:00.0,00:00.0,62.89,31.2,70,0.05
10493,00:00.0,00:00.0,00:00.0,10.64,39.4,28,0
10494,00:00.0,00:00.0,00:00.0,65.99,50,20,0.05
10495,00:00.0,00:00.0,00:00.0,4.65,7.7,12,0.05
10496,00:00.0,00:00.0,00:00.0,46.77,36.8,40,0.05
10497,00:00.0,00:00.0,00:00.0,36.21,2,8,0
10498,00:00.0,00:00.0,00:00.0,29.75,44,9,0.15
10499,00:00.0,00:00.0,00:00.0,102.02,15.2,24,0.2
10500,00:00.0,00:00.0,00:00.0,42.68,10,56,0.2
10501,00:00.0,00:00.0,00:00.0,8.85,15.2,40,0.2
10502,00:00.0,00:00.0,00:00.0,69.32,19.2,40,0.2
10503,00:00.0,00:00.0,00:00.0,16.74,26.6,50,0
10504,00:00.0,00:00.0,00:00.0,59.13,10,4,0.05
10505,00:00.0,00:00.0,00:00.0,7.13,14.4,15,0
10506,00:00.0,00:00.0,00:00.0,21.19,17.6,35,0
10507,00:00.0,00:00.0,00:00.0,47.45,32,70,0.25
10508,00:00.0,00:00.0,00:00.0,4.99,32,70,0
10509,00:00.0,00:00.0,00:00.0,0.15,7.3,80,0
10510,00:00.0,00:00.0,00:00.0,367.63,11.2,9,0
10511,00:00.0,00:00.0,00:00.0,350.64,31.2,36,0.1
10512,00:00.0,00:00.0,00:00.0,3.53,30.4,20,0
10513,00:00.0,00:00.0,00:00.0,105.65,11.2,10,0
10514,00:00.0,00:00.0,00:00.0,789.95,14.4,50,0.15
10515,00:00.0,00:00.0,00:00.0,204.47,14.7,4,0
10516,00:00.0,00:00.0,00:00.0,62.78,6.2,6,0.15
10517,00:00.0,00:00.0,00:00.0,32.07,14.4,15,0.15
10518,00:00.0,00:00.0,00:00.0,218.15,7.2,25,0
10519,00:00.0,00:00.0,00:00.0,91.76,5.9,24,0
10520,00:00.0,00:00.0,00:00.0,13.37,13,15,0.1
10521,00:00.0,00:00.0,00:00.0,17.22,28.8,18,0.1
10522,00:00.0,00:00.0,00:00.0,45.33,210.8,20,0.05
10523,00:00.0,00:00.0,00:00.0,77.63,7.7,13,0
10524,00:00.0,00:00.0,00:00.0,244.79,15.5,77,0.05
10525,00:00.0,00:00.0,00:00.0,11.06,16.8,10,0.05
10526,00:00.0,00:00.0,00:00.0,58.59,3.6,10,0
10527,00:00.0,00:00.0,00:00.0,41.9,5.9,20,0.15
10528,00:00.0,00:00.0,00:00.0,3.35,16.8,12,0.2
10529,00:00.0,00:00.0,00:00.0,66.69,210.8,50,0.2
10530,00:00.0,00:00.0,00:00.0,339.22,14.4,12,0
10531,00:00.0,00:00.0,00:00.0,8.12,99,4,0
10532,00:00.0,00:00.0,00:00.0,74.46,3.6,25,0
10533,00:00.0,00:00.0,00:00.0,188.04,15.6,25,0
10534,00:00.0,00:00.0,00:00.0,27.94,10,30,0
10535,00:00.0,00:00.0,00:00.0,15.64,19.2,12,0
10536,00:00.0,00:00.0,00:00.0,58.88,28.8,20,0
10537,00:00.0,00:00.0,00:00.0,78.85,24.8,30,0.2
10538,00:00.0,00:00.0,00:00.0,4.87,24.9,16,0
10539,00:00.0,00:00.0,00:00.0,12.36,27.2,8,0.2
10540,00:00.0,00:00.0,00:00.0,1007.64,3.6,10,0.05
10541,00:00.0,00:00.0,00:00.0,68.65,11.2,10,0.05
10542,00:00.0,00:00.0,00:00.0,10.95,15.2,20,0.05
10543,00:00.0,00:00.0,00:00.0,48.17,13.9,56,0.05
10544,00:00.0,00:00.0,00:00.0,24.91,10,70,0.05
10545,00:00.0,00:00.0,00:00.0,11.92,27.2,80,0.05
10546,00:00.0,00:00.0,00:00.0,194.72,36.4,30,0
10547,00:00.0,00:00.0,00:00.0,178.43,99,35,0
10548,00:00.0,00:00.0,00:00.0,1.43,210.8,10,0
10549,00:00.0,00:00.0,00:00.0,171.24,16,35,0
10550,00:00.0,00:00.0,00:00.0,4.32,5.9,28,0
10551,00:00.0,00:00.0,00:00.0,72.95,14.4,54,0.1
10552,00:00.0,00:00.0,00:00.0,83.22,27.2,55,0.1
10553,00:00.0,00:00.0,00:00.0,149.49,11.2,50,0
10554,00:00.0,00:00.0,00:00.0,120.97,42.4,20,0
10555,00:00.0,00:00.0,00:00.0,252.49,5.9,24,0
10556,00:00.0,00:00.0,00:00.0,9.8,10,20,0
10557,00:00.0,00:00.0,00:00.0,96.72,6.2,12,0
10558,00:00.0,00:00.0,00:00.0,72.97,14.4,12,0
10559,00:00.0,00:00.0,00:00.0,8.05,28.8,30,0
10560,00:00.0,00:00.0,00:00.0,36.65,17.2,5,0
10561,00:00.0,00:00.0,00:00.0,242.21,16.8,24,0
10562,00:00.0,00:00.0,00:00.0,22.95,16.8,5,0
10563,00:00.0,00:00.0,00:00.0,60.43,10.4,5,0
10564,00:00.0,00:00.0,00:00.0,13.75,11.2,36,0
10565,00:00.0,00:00.0,00:00.0,7.15,5.9,18,0
10566,00:00.0,00:00.0,00:00.0,88.4,16.8,15,0
10567,00:00.0,00:00.0,00:00.0,33.97,10.4,7,0
10568,00:00.0,00:00.0,00:00.0,6.54,8,5,0.1
10569,00:00.0,00:00.0,00:00.0,58.98,36.4,13,0.1
10570,00:00.0,00:00.0,00:00.0,188.99,15.6,25,0
10571,00:00.0,00:00.0,00:00.0,26.06,26.6,35,0.1
10572,00:00.0,00:00.0,00:00.0,116.43,99,20,0
10573,00:00.0,00:00.0,00:00.0,84.84,30.4,18,0.25
10574,00:00.0,00:00.0,00:00.0,37.6,14.4,15,0.15
10575,00:00.0,00:00.0,00:00.0,127.34,26.6,30,0
10576,00:00.0,00:00.0,00:00.0,18.56,8,20,0.15
10577,00:00.0,00:00.0,00:00.0,25.41,15.2,6,0.2
10578,00:00.0,00:00.0,00:00.0,29.6,64.8,12,0.25
10579,00:00.0,00:00.0,00:00.0,13.73,210.8,40,0.25
10580,00:00.0,00:00.0,00:00.0,75.89,27.2,70,0.25
10581,00:00.0,00:00.0,00:00.0,3.01,27.8,42,0.25
10582,00:00.0,00:00.0,00:00.0,27.71,10.6,80,0.2
10583,00:00.0,00:00.0,00:00.0,7.28,17.2,50,0.2
10584,00:00.0,00:00.0,00:00.0,59.14,10,30,0
10585,00:00.0,00:00.0,00:00.0,13.41,10.6,15,0
10586,00:00.0,00:00.0,00:00.0,0.48,18.6,15,0
10587,00:00.0,00:00.0,00:00.0,62.52,5.9,10,0
10588,00:00.0,00:00.0,00:00.0,194.67,10,42,0.05
10589,00:00.0,00:00.0,00:00.0,4.42,36.4,20,0.15
10590,00:00.0,00:00.0,00:00.0,44.77,14.4,20,0.15
10591,00:00.0,00:00.0,00:00.0,55.92,17.2,6,0
10592,00:00.0,00:00.0,00:00.0,32.1,7.7,8,0.1
10593,00:00.0,00:00.0,00:00.0,174.2,35.1,16,0.1
10594,00:00.0,00:00.0,00:00.0,5.24,16.8,20,0.1
10595,00:00.0,00:00.0,00:00.0,96.78,20.7,18,0.1
10596,00:00.0,00:00.0,00:00.0,16.34,26.2,20,0.1
10597,00:00.0,00:00.0,00:00.0,35.12,27.2,6,0.1
10598,00:00.0,00:00.0,00:00.0,44.42,12,30,0
10599,00:00.0,00:00.0,00:00.0,29.98,8,14,0
10600,00:00.0,00:00.0,00:00.0,45.13,17,32,0
10601,00:00.0,00:00.0,00:00.0,58.3,50,9,0
10602,00:00.0,00:00.0,00:00.0,2.92,99,14,0
10603,00:00.0,00:00.0,00:00.0,48.77,2,60,0
10604,00:00.0,00:00.0,00:00.0,7.46,8,50,0
10605,00:00.0,00:00.0,00:00.0,379.13,4.8,20,0
10606,00:00.0,00:00.0,00:00.0,79.4,13,15,0
10607,00:00.0,00:00.0,00:00.0,200.24,30.4,20,0
10608,00:00.0,00:00.0,00:00.0,27.79,64.8,28,0
10609,00:00.0,00:00.0,00:00.0,1.85,27.2,15,0
10610,00:00.0,00:00.0,00:00.0,26.78,24,10,0.2
10611,00:00.0,00:00.0,00:00.0,80.65,27.2,20,0.2
10612,00:00.0,00:00.0,00:00.0,544.08,10,8,0.2
10613,00:00.0,00:00.0,00:00.0,8.11,3.6,15,0
10614,00:00.0,00:00.0,00:00.0,1.93,11.2,10,0
10615,00:00.0,00:00.0,00:00.0,0.75,3.6,15,0
10616,00:00.0,00:00.0,00:00.0,116.53,36.4,6,0
10617,00:00.0,00:00.0,00:00.0,18.53,44,12,0
10618,00:00.0,00:00.0,00:00.0,154.68,17.2,15,0
10619,00:00.0,00:00.0,00:00.0,91.05,7.6,15,0.2
10620,00:00.0,00:00.0,00:00.0,0.94,5.6,20,0.2
10621,00:00.0,00:00.0,00:00.0,23.73,26.2,40,0
10622,00:00.0,00:00.0,00:00.0,50.97,24.8,16,0
10623,00:00.0,00:00.0,00:00.0,97.18,19.2,15,0
10624,00:00.0,00:00.0,00:00.0,94.8,39.4,20,0
10625,00:00.0,00:00.0,00:00.0,43.9,12,30,0
10626,00:00.0,00:00.0,00:00.0,138.69,10,60,0.1
10627,00:00.0,00:00.0,00:00.0,107.46,14.4,40,0.1
10628,00:00.0,00:00.0,00:00.0,30.36,9.6,45,0
10629,00:00.0,00:00.0,00:00.0,85.46,27.8,24,0.1
10630,00:00.0,00:00.0,00:00.0,32.35,4.8,18,0
10631,00:00.0,00:00.0,00:00.0,0.87,28.8,50,0
10632,00:00.0,00:00.0,00:00.0,41.38,15.2,25,0.25
10633,00:00.0,00:00.0,00:00.0,477.9,18.6,42,0.25
10634,00:00.0,00:00.0,00:00.0,487.38,11.2,7,0.25
10635,00:00.0,00:00.0,00:00.0,47.46,24.9,70,0.25
10636,00:00.0,00:00.0,00:00.0,1.15,10,32,0
10637,00:00.0,00:00.0,00:00.0,201.29,4.8,10,0
10638,00:00.0,00:00.0,00:00.0,158.44,39.4,10,0
10639,00:00.0,00:00.0,00:00.0,38.64,9.6,28,0.1
10640,00:00.0,00:00.0,00:00.0,23.55,26.2,70,0.1
10641,00:00.0,00:00.0,00:00.0,179.61,28.8,8,0
10642,00:00.0,00:00.0,00:00.0,41.89,7.2,40,0
10643,00:00.0,00:00.0,00:00.0,29.46,17.2,60,0
10644,00:00.0,00:00.0,00:00.0,0.14,27.8,21,0
10645,00:00.0,00:00.0,00:00.0,12.41,8,10,0.15
10646,00:00.0,00:00.0,00:00.0,142.33,42.4,18,0.15
10647,00:00.0,00:00.0,00:00.0,45.54,14.4,30,0
10648,00:00.0,00:00.0,00:00.0,14.25,19.2,120,0.1
10649,00:00.0,00:00.0,00:00.0,6.2,10,60,0
10650,00:00.0,00:00.0,00:00.0,176.81,17.2,30,0
10651,00:00.0,00:00.0,00:00.0,20.6,14.4,35,0
10652,00:00.0,00:00.0,00:00.0,7.14,10.4,14,0
10653,00:00.0,00:00.0,00:00.0,93.25,99,21,0
10654,00:00.0,00:00.0,00:00.0,55.26,14.4,35,0
10655,00:00.0,00:00.0,00:00.0,4.41,16,30,0
10656,00:00.0,00:00.0,00:00.0,57.15,20.7,18,0
10657,00:00.0,00:00.0,00:00.0,352.69,30.4,70,0
10658,00:00.0,00:00.0,00:00.0,364.15,16.8,20,0
10659,00:00.0,00:00.0,00:00.0,105.81,17.2,60,0
10660,00:00.0,00:00.0,00:00.0,111.29,7.2,60,0
10661,00:00.0,00:00.0,00:00.0,17.55,35.1,65,0
10662,00:00.0,00:00.0,00:00.0,1.28,13.9,21,0.15
10663,00:00.0,00:00.0,00:00.0,113.15,10.2,70,0.15
10664,00:00.0,00:00.0,00:00.0,1.27,24.9,30,0.05
10665,00:00.0,00:00.0,00:00.0,26.31,11.2,40,0.05
10666,00:00.0,00:00.0,00:00.0,232.42,16,30,0.05
10667,00:00.0,00:00.0,00:00.0,78.09,8,50,0
10668,00:00.0,00:00.0,00:00.0,47.22,14.4,10,0
10669,00:00.0,00:00.0,00:00.0,24.39,8,30,0.1
10670,00:00.0,00:00.0,00:00.0,203.48,36.4,42,0.1
10671,00:00.0,00:00.0,00:00.0,30.34,15.2,5,0.1
10672,00:00.0,00:00.0,00:00.0,95.75,14.7,2,0.1
10673,00:00.0,00:00.0,00:00.0,22.76,16.8,30,0
10674,00:00.0,00:00.0,00:00.0,0.9,28.8,15,0
10675,00:00.0,00:00.0,00:00.0,31.85,17.2,15,0
10676,00:00.0,00:00.0,00:00.0,2.01,20.8,10,0
10677,00:00.0,00:00.0,00:00.0,4.03,5.9,6,0
10678,00:00.0,00:00.0,00:00.0,388.98,39.4,35,0
10679,00:00.0,00:00.0,00:00.0,27.94,18.6,12,0
10680,00:00.0,00:00.0,00:00.0,26.61,8,12,0
10681,00:00.0,00:00.0,00:00.0,76.13,2,49,0
10682,00:00.0,00:00.0,00:00.0,36.13,44,16,0
10683,00:00.0,00:00.0,00:00.0,4.4,7.7,25,0.2
10684,00:00.0,00:00.0,00:00.0,145.63,15.5,40,0.2
10685,00:00.0,00:00.0,00:00.0,33.75,44,9,0.2
10686,00:00.0,00:00.0,00:00.0,96.5,18.6,20,0.1
10687,00:00.0,00:00.0,00:00.0,296.43,14.4,24,0
10688,00:00.0,00:00.0,00:00.0,299.09,39.4,40,0
10689,00:00.0,00:00.0,00:00.0,13.42,14.4,14,0
10690,00:00.0,00:00.0,00:00.0,15.8,7.3,18,0.05
10691,00:00.0,00:00.0,00:00.0,810.05,2,50,0
10692,00:00.0,00:00.0,00:00.0,61.02,31.2,2,0
10693,00:00.0,00:00.0,00:00.0,139.34,2,20,0
10694,00:00.0,00:00.0,00:00.0,398.36,7.3,20,0
10695,00:00.0,00:00.0,00:00.0,16.72,26.2,10,0
10696,00:00.0,00:00.0,00:00.0,102.55,15.6,20,0
10697,00:00.0,00:00.0,00:00.0,45.52,210.8,50,0
10698,00:00.0,00:00.0,00:00.0,272.47,9.6,2,0.25
10699,00:00.0,00:00.0,00:00.0,0.58,10,36,0.25
10700,00:00.0,00:00.0,00:00.0,65.1,10.4,35,0
10701,00:00.0,00:00.0,00:00.0,220.31,15.2,60,0
10702,00:00.0,00:00.0,00:00.0,23.94,7.6,55,0
10703,00:00.0,00:00.0,00:00.0,152.3,22.8,16,0
10704,00:00.0,00:00.0,00:00.0,4.78,8,15,0
10705,00:00.0,00:00.0,00:00.0,3.52,27.2,60,0.05
10706,00:00.0,00:00.0,00:00.0,135.63,28.8,20,0.05
10707,00:00.0,00:00.0,00:00.0,21.74,77.6,20,0.1
10708,00:00.0,00:00.0,00:00.0,2.96,4.8,2,0.1
10709,00:00.0,00:00.0,00:00.0,210.8,12,8,0.1
10710,00:00.0,00:00.0,00:00.0,4.98,12,20,0.1
10711,00:00.0,00:00.0,00:00.0,52.41,7.3,4,0.15
10712,00:00.0,00:00.0,00:00.0,89.93,24.9,30,0
10713,00:00.0,00:00.0,00:00.0,167.05,26.2,15,0.15
10714,00:00.0,00:00.0,00:00.0,24.49,10.4,10,0.15
10715,00:00.0,00:00.0,00:00.0,63.2,24.9,2,0
10716,00:00.0,00:00.0,00:00.0,22.57,10,14,0
10717,00:00.0,00:00.0,00:00.0,59.25,44,20,0
10718,00:00.0,00:00.0,00:00.0,170.88,14.4,60,0.2
10719,00:00.0,00:00.0,00:00.0,51.44,210.8,49,0.2
10720,00:00.0,00:00.0,00:00.0,9.53,10,30,0.2
10721,00:00.0,00:00.0,00:00.0,48.92,19.2,10,0.25
10722,00:00.0,00:00.0,00:00.0,74.58,14.4,20,0.25
10723,00:00.0,00:00.0,00:00.0,21.72,30.4,5,0
10724,00:00.0,00:00.0,00:00.0,57.75,26.6,7,0
10725,00:00.0,00:00.0,00:00.0,10.83,18.6,35,0
10726,00:00.0,00:00.0,00:00.0,16.56,9.6,20,0
10727,00:00.0,00:00.0,00:00.0,89.9,13,40,0
10728,00:00.0,00:00.0,00:00.0,58.33,35.1,35,0.25
10729,00:00.0,00:00.0,00:00.0,141.06,31.2,45,0.2
10730,00:00.0,00:00.0,00:00.0,20.12,8,50,0
10731,00:00.0,00:00.0,00:00.0,96.65,30.4,30,0
10732,00:00.0,00:00.0,00:00.0,16.97,44,70,0.2
10733,00:00.0,00:00.0,00:00.0,110.11,31.2,50,0.25
10734,00:00.0,00:00.0,00:00.0,1.63,14.7,50,0.25
10735,00:00.0,00:00.0,00:00.0,45.97,7.6,30,0.25
10736,00:00.0,00:00.0,00:00.0,44.1,24.9,10,0
10737,00:00.0,00:00.0,00:00.0,7.79,5.9,40,0
10738,00:00.0,00:00.0,00:00.0,2.91,30.4,28,0
10739,00:00.0,00:00.0,00:00.0,11.08,16.8,6,0
10740,00:00.0,00:00.0,00:00.0,81.88,14.4,18,0.15
10741,00:00.0,00:00.0,00:00.0,10.96,15.2,10,0
10742,00:00.0,00:00.0,00:00.0,243.73,16.8,12,0
10743,00:00.0,00:00.0,00:00.0,23.72,27.8,10,0
10744,00:00.0,00:00.0,00:00.0,69.19,9.6,5,0
10745,00:00.0,00:00.0,00:00.0,3.52,30.4,40,0.1
10746,00:00.0,00:00.0,00:00.0,31.43,26.6,30,0.1
10747,00:00.0,00:00.0,00:00.0,117.33,6.2,24,0.1
10748,00:00.0,00:00.0,00:00.0,232.55,26.2,15,0
10749,00:00.0,00:00.0,00:00.0,61.53,7.3,15,0.2
10750,00:00.0,00:00.0,00:00.0,79.3,11.2,20,0.2
10751,00:00.0,00:00.0,00:00.0,130.79,15.6,15,0.2
10752,00:00.0,00:00.0,00:00.0,1.39,30.4,15,0
10753,00:00.0,00:00.0,00:00.0,7.7,13.9,16,0
10754,00:00.0,00:00.0,00:00.0,2.38,26.6,6,0
10755,00:00.0,00:00.0,00:00.0,16.71,8,30,0
10756,00:00.0,00:00.0,00:00.0,73.21,15.2,45,0.15
10757,00:00.0,00:00.0,00:00.0,8.19,13.9,49,0.15
10758,00:00.0,00:00.0,00:00.0,138.17,99,24,0.15
10759,00:00.0,00:00.0,00:00.0,11.99,22.8,90,0.15
10760,00:00.0,00:00.0,00:00.0,155.64,35.1,50,0
10761,00:00.0,00:00.0,00:00.0,18.66,16.8,30,0
10762,00:00.0,00:00.0,00:00.0,328.74,5.9,80,0
10763,00:00.0,00:00.0,00:00.0,37.35,13.6,60,0
10764,00:00.0,00:00.0,00:00.0,145.45,16.8,6,0.2
10765,00:00.0,00:00.0,00:00.0,42.74,36.4,12,0
10766,00:00.0,00:00.0,00:00.0,157.55,31.2,10,0
10767,00:00.0,00:00.0,00:00.0,1.59,24.9,15,0
10768,00:00.0,00:00.0,00:00.0,146.32,14.4,8,0
10769,00:00.0,00:00.0,00:00.0,65.06,7.7,30,0
10770,00:00.0,00:00.0,00:00.0,5.32,14.4,6,0
10771,00:00.0,00:00.0,00:00.0,11.19,5.9,15,0
10772,00:00.0,00:00.0,00:00.0,91.28,7.3,12,0.1
10773,00:00.0,00:00.0,00:00.0,96.43,3.6,20,0.1
10774,00:00.0,00:00.0,00:00.0,48.2,10,3,0.1
10775,00:00.0,00:00.0,00:00.0,20.25,5.6,15,0.1
10776,00:00.0,00:00.0,00:00.0,351.53,7.3,40,0
10777,00:00.0,00:00.0,00:00.0,3.01,16.8,35,0
10778,00:00.0,00:00.0,00:00.0,6.79,17.2,2,0
10779,00:00.0,00:00.0,00:00.0,58.13,24.9,6,0
10780,00:00.0,00:00.0,00:00.0,42.13,14.7,20,0
10781,00:00.0,00:00.0,00:00.0,73.16,24.8,14,0
10782,00:00.0,00:00.0,00:00.0,1.1,5.6,20,0
10783,00:00.0,00:00.0,00:00.0,124.98,39.4,35,0
10784,00:00.0,00:00.0,00:00.0,70.09,24.8,20,0.2
10785,00:00.0,00:00.0,00:00.0,1.51,5.9,6,0.2
10786,00:00.0,00:00.0,00:00.0,110.87,19.2,120,0.1
10787,00:00.0,00:00.0,00:00.0,249.93,26.6,35,0.1
10788,00:00.0,00:00.0,00:00.0,42.7,16.8,28,0.1
10789,00:00.0,00:00.0,00:00.0,100.6,10.4,55,0.1
10790,00:00.0,00:00.0,00:00.0,28.23,36.4,15,0
10791,00:00.0,00:00.0,00:00.0,16.85,15.5,100,0.05
10792,00:00.0,00:00.0,00:00.0,23.79,10.2,15,0.1
10793,00:00.0,00:00.0,00:00.0,4.52,12,25,0.1
10794,00:00.0,00:00.0,00:00.0,21.49,13.9,20,0.2
10795,00:00.0,00:00.0,00:00.0,126.66,2,20,0.2
10796,00:00.0,00:00.0,00:00.0,26.52,9.6,10,0.2
10797,00:00.0,00:00.0,00:00.0,33.35,14.4,20,0
10798,00:00.0,00:00.0,00:00.0,2.33,26.2,50,0
10799,00:00.0,00:00.0,00:00.0,30.76,22.8,25,0
10800,00:00.0,00:00.0,00:00.0,137.44,17.2,30,0
10801,00:00.0,00:00.0,00:00.0,97.09,8,40,0.15
10802,00:00.0,00:00.0,00:00.0,257.26,16,21,0.15
10803,00:00.0,00:00.0,00:00.0,55.23,44,36,0
10804,00:00.0,00:00.0,00:00.0,27.33,24.9,30,0
10805,00:00.0,00:00.0,00:00.0,237.34,36.4,30,0
10806,00:00.0,00:00.0,00:00.0,22.11,36.8,20,0
10807,00:00.0,00:00.0,00:00.0,1.36,30.4,15,0
10808,00:00.0,00:00.0,00:00.0,45.53,17.2,50,0
10809,00:00.0,00:00.0,00:00.0,4.87,24,16,0.05
10810,00:00.0,00:00.0,00:00.0,4.33,9.6,20,0.05
10811,00:00.0,00:00.0,00:00.0,31.22,27.8,40,0
10812,00:00.0,00:00.0,00:00.0,59.78,10,21,0.25
10813,00:00.0,00:00.0,00:00.0,47.38,6.2,4,0.25
10814,00:00.0,00:00.0,00:00.0,130.94,8,40,0.25
10815,00:00.0,00:00.0,00:00.0,14.62,20.7,28,0.25
10816,00:00.0,00:00.0,00:00.0,719.78,19.2,60,0.25
10817,00:00.0,00:00.0,00:00.0,306.07,4.8,1,0
10818,00:00.0,00:00.0,00:00.0,65.48,7.2,21,0
10819,00:00.0,00:00.0,00:00.0,19.76,7.3,21,0
10820,00:00.0,00:00.0,00:00.0,37.52,11.2,50,0
10821,00:00.0,00:00.0,00:00.0,36.68,17.6,16,0.2
10822,00:00.0,00:00.0,00:00.0,7,36.8,3,0
10823,00:00.0,00:00.0,00:00.0,163.97,30.4,30,0.2
10824,00:00.0,00:00.0,00:00.0,1.23,27.2,20,0
10825,00:00.0,00:00.0,00:00.0,79.25,3.6,25,0
10826,00:00.0,00:00.0,00:00.0,7.09,99,18,0.1
10827,00:00.0,00:00.0,00:00.0,63.54,14.7,20,0
10828,00:00.0,00:00.0,00:00.0,90.85,7.6,30,0.1
10829,00:00.0,00:00.0,00:00.0,154.72,13,25,0
10830,00:00.0,00:00.0,00:00.0,81.83,16.8,10,0
10831,00:00.0,00:00.0,00:00.0,72.19,9.6,5,0
10832,00:00.0,00:00.0,00:00.0,43.26,3.6,28,0
10833,00:00.0,00:00.0,00:00.0,71.49,11.2,12,0
10834,00:00.0,00:00.0,00:00.0,29.78,20.7,8,0
10835,00:00.0,00:00.0,00:00.0,69.53,36.8,15,0
10836,00:00.0,00:00.0,00:00.0,411.88,15.2,40,0.15
10837,00:00.0,00:00.0,00:00.0,13.32,13.9,35,0.15
10838,00:00.0,00:00.0,00:00.0,59.28,15.5,2,0.15
10839,00:00.0,00:00.0,00:00.0,35.43,50,30,0
10840,00:00.0,00:00.0,00:00.0,2.71,7.2,15,0
10841,00:00.0,00:00.0,00:00.0,424.3,26.6,8,0
10842,00:00.0,00:00.0,00:00.0,54.42,24,30,0
10843,00:00.0,00:00.0,00:00.0,9.26,30.4,20,0
10844,00:00.0,00:00.0,00:00.0,25.22,3.6,80,0.05
10845,00:00.0,00:00.0,00:00.0,212.98,42.4,18,0
10846,00:00.0,00:00.0,00:00.0,56.46,2,12,0
10847,00:00.0,00:00.0,00:00.0,487.57,17.2,12,0
10848,00:00.0,00:00.0,00:00.0,38.24,18.6,12,0
10849,00:00.0,00:00.0,00:00.0,0.56,36.4,18,0
10850,00:00.0,00:00.0,00:00.0,49.19,14.7,21,0
10851,00:00.0,00:00.0,00:00.0,160.55,6.2,10,0
10852,00:00.0,00:00.0,00:00.0,174.05,10,35,0.15
10853,00:00.0,00:00.0,00:00.0,53.83,13.6,60,0.15
10854,00:00.0,00:00.0,00:00.0,100.22,14.4,42,0.15
10855,00:00.0,00:00.0,00:00.0,170.97,19.2,2,0.05
10856,00:00.0,00:00.0,00:00.0,58.43,12,12,0
10857,00:00.0,00:00.0,00:00.0,188.85,14.4,15,0
10858,00:00.0,00:00.0,00:00.0,52.51,8,21,0.25
10859,00:00.0,00:00.0,00:00.0,76.1,14.4,20,0.25
10860,00:00.0,00:00.0,00:00.0,19.26,24.8,20,0.05
10861,00:00.0,00:00.0,00:00.0,14.93,210.8,30,0
10862,00:00.0,00:00.0,00:00.0,53.23,26.2,28,0
10863,00:00.0,00:00.0,00:00.0,30.26,44,60,0
10864,00:00.0,00:00.0,00:00.0,3.04,26.6,30,0
10865,00:00.0,00:00.0,00:00.0,348.14,7.6,30,0
10866,00:00.0,00:00.0,00:00.0,109.11,44,12,0
10867,00:00.0,00:00.0,00:00.0,1.93,16,24,0
10868,00:00.0,00:00.0,00:00.0,191.27,27.2,40,0
10869,00:00.0,00:00.0,00:00.0,143.28,14.7,10,0
10870,00:00.0,00:00.0,00:00.0,12.04,11.2,35,0.05
10871,00:00.0,00:00.0,00:00.0,112.27,10.4,30,0.05
10872,00:00.0,00:00.0,00:00.0,175.32,8,14,0
10873,00:00.0,00:00.0,00:00.0,0.82,14.7,10,0
10874,00:00.0,00:00.0,00:00.0,19.58,42.4,3,0
10875,00:00.0,00:00.0,00:00.0,32.37,15.2,20,0.1
10876,00:00.0,00:00.0,00:00.0,60.42,8,20,0.1
10877,00:00.0,00:00.0,00:00.0,38.06,19.2,30,0.1
10878,00:00.0,00:00.0,00:00.0,46.69,12,60,0.1
10879,00:00.0,00:00.0,00:00.0,8.5,16.8,5,0
10880,00:00.0,00:00.0,00:00.0,88.01,42.4,25,0
10881,00:00.0,00:00.0,00:00.0,2.84,8,16,0
10882,00:00.0,00:00.0,00:00.0,23.1,7.3,5,0
10883,00:00.0,00:00.0,00:00.0,0.53,24.9,30,0
10884,00:00.0,00:00.0,00:00.0,90.97,5.9,24,0.25
10885,00:00.0,00:00.0,00:00.0,5.64,44,30,0
10886,00:00.0,00:00.0,00:00.0,4.99,12,20,0.2
10887,00:00.0,00:00.0,00:00.0,1.25,16.8,15,0.25
10888,00:00.0,00:00.0,00:00.0,51.87,13.9,18,0
10889,00:00.0,00:00.0,00:00.0,280.61,44,60,0
10890,00:00.0,00:00.0,00:00.0,32.76,10,30,0
10891,00:00.0,00:00.0,00:00.0,20.37,6.2,36,0
10892,00:00.0,00:00.0,00:00.0,120.27,15.5,15,0.15
10893,00:00.0,00:00.0,00:00.0,77.78,10.4,7,0.15
10894,00:00.0,00:00.0,00:00.0,116.13,11.2,60,0.05
10895,00:00.0,00:00.0,00:00.0,162.75,11.2,20,0.05
10896,00:00.0,00:00.0,00:00.0,32.45,16.8,15,0.1
10897,00:00.0,00:00.0,00:00.0,603.54,13.6,10,0.1
10898,00:00.0,00:00.0,00:00.0,1.27,28.8,10,0.1
10899,00:00.0,00:00.0,00:00.0,1.21,30.4,30,0
10900,00:00.0,00:00.0,00:00.0,1.66,7.2,10,0
10901,00:00.0,00:00.0,00:00.0,62.09,7.7,20,0
10902,00:00.0,00:00.0,00:00.0,44.15,10.4,5,0
10903,00:00.0,00:00.0,00:00.0,36.71,10,20,0.05
10904,00:00.0,00:00.0,00:00.0,162.95,30.4,14,0
10905,00:00.0,00:00.0,00:00.0,13.72,27.8,25,0
10906,00:00.0,00:00.0,00:00.0,26.29,10.4,25,0
10907,00:00.0,00:00.0,00:00.0,9.19,4.5,14,0
10908,00:00.0,00:00.0,00:00.0,32.96,18.4,5,0
10909,00:00.0,00:00.0,00:00.0,53.05,14,30,0
10910,00:00.0,00:00.0,00:00.0,38.11,45.6,20,0
10911,00:00.0,00:00.0,00:00.0,38.19,20,25,0
10912,00:00.0,00:00.0,00:00.0,580.91,15.5,12,0.05
10913,00:00.0,00:00.0,00:00.0,33.05,45.6,8,0.05
10914,00:00.0,00:00.0,00:00.0,21.19,7.45,20,0
10915,00:00.0,00:00.0,00:00.0,3.51,9.5,21,0
10916,00:00.0,00:00.0,00:00.0,63.77,32.8,6,0
10917,00:00.0,00:00.0,00:00.0,8.29,14,30,0
10918,00:00.0,00:00.0,00:00.0,48.83,23.25,70,0
10919,00:00.0,00:00.0,00:00.0,19.8,21.05,20,0
10920,00:00.0,00:00.0,00:00.0,29.61,19,12,0
10921,00:00.0,00:00.0,00:00.0,176.48,10,12,0
10922,00:00.0,00:00.0,00:00.0,62.74,32.8,10,0
10923,00:00.0,00:00.0,00:00.0,68.26,28.5,25,0
10924,00:00.0,00:00.0,00:00.0,151.52,49.3,3,0
10925,00:00.0,00:00.0,00:00.0,2.27,14,18,0.1
10926,00:00.0,00:00.0,00:00.0,39.92,15,14,0.1
10927,00:00.0,00:00.0,00:00.0,19.79,46,15,0.15
10928,00:00.0,00:00.0,00:00.0,1.36,12.75,15,0.15
10929,00:00.0,00:00.0,00:00.0,33.93,6,10,0
10930,00:00.0,00:00.0,00:00.0,15.55,18,10,0
10931,00:00.0,00:00.0,00:00.0,13.6,45.6,3,0
10932,00:00.0,00:00.0,00:00.0,134.64,123.79,36,0
10933,00:00.0,00:00.0,00:00.0,54.15,7.75,36,0.1
10934,00:00.0,00:00.0,00:00.0,32.01,22,50,0.15
10935,00:00.0,00:00.0,00:00.0,47.59,30,50,0.15
10936,00:00.0,00:00.0,00:00.0,33.68,40,10,0.15
10937,00:00.0,00:00.0,00:00.0,31.51,4.5,10,0.15
10938,00:00.0,00:00.0,00:00.0,31.89,12,9,0.15
10939,00:00.0,00:00.0,00:00.0,76.33,9.5,6,0.15
10940,00:00.0,00:00.0,00:00.0,19.77,34,12,0.15
10941,00:00.0,00:00.0,00:00.0,400.81,10,40,0.2
10942,00:00.0,00:00.0,00:00.0,17.95,32,50,0.2
10943,00:00.0,00:00.0,00:00.0,2.17,28.5,15,0.2
10944,00:00.0,00:00.0,00:00.0,52.92,81,39,0
10945,00:00.0,00:00.0,00:00.0,10.22,45.6,35,0
10946,00:00.0,00:00.0,00:00.0,27.2,38,70,0
10947,00:00.0,00:00.0,00:00.0,3.26,21.05,39,0
10948,00:00.0,00:00.0,00:00.0,23.39,7.75,50,0
10949,00:00.0,00:00.0,00:00.0,74.44,97,16,0.15
10950,00:00.0,00:00.0,00:00.0,2.5,17.45,50,0
10951,00:00.0,00:00.0,00:00.0,30.85,43.9,120,0
10952,00:00.0,00:00.0,00:00.0,40.42,2.5,16,0.15
10953,00:00.0,00:00.0,00:00.0,23.72,34,84,0.15
10954,00:00.0,00:00.0,00:00.0,27.91,62.5,25,0.1
10955,00:00.0,00:00.0,00:00.0,3.26,9.65,80,0.1
10956,00:00.0,00:00.0,00:00.0,44.65,14,20,0
10957,00:00.0,00:00.0,00:00.0,105.36,7,6,0
10958,00:00.0,00:00.0,00:00.0,49.56,55,4,0
10959,00:00.0,00:00.0,00:00.0,4.98,15,6,0
10960,00:00.0,00:00.0,00:00.0,2.08,4.5,5,0
10961,00:00.0,00:00.0,00:00.0,104.47,263.5,15,0
10962,00:00.0,00:00.0,00:00.0,275.79,19.45,9,0
10963,00:00.0,00:00.0,00:00.0,2.7,31,16,0.05
10964,00:00.0,00:00.0,00:00.0,87.38,38,40,0
10965,00:00.0,00:00.0,00:00.0,144.38,34,10,0.05
10966,00:00.0,00:00.0,00:00.0,27.19,4.5,8,0
10967,00:00.0,00:00.0,00:00.0,62.22,32.8,5,0
10968,00:00.0,00:00.0,00:00.0,74.6,18,3,0
10969,00:00.0,00:00.0,00:00.0,0.21,9.65,10,0
10970,00:00.0,00:00.0,00:00.0,16.16,12.5,6,0
10971,00:00.0,00:00.0,00:00.0,121.82,18,40,0.2
10972,00:00.0,00:00.0,00:00.0,0.02,40,24,0
10973,00:00.0,00:00.0,00:00.0,15.17,25.89,20,0.2
10974,00:00.0,00:00.0,00:00.0,12.96,18.4,25,0.2
10975,00:00.0,00:00.0,00:00.0,32.27,39,25,0.1
10976,00:00.0,00:00.0,00:00.0,37.97,81,15,0.1
10977,00:00.0,00:00.0,00:00.0,208.5,26,18,0.1
10978,00:00.0,00:00.0,00:00.0,32.82,9.65,6,0.1
10979,00:00.0,00:00.0,00:00.0,353.07,31,2,0
10980,00:00.0,00:00.0,00:00.0,1.26,25.89,10,0
10981,00:00.0,00:00.0,00:00.0,193.37,46,60,0
10982,00:00.0,00:00.0,00:00.0,14.01,7.45,15,0
10983,00:00.0,00:00.0,00:00.0,657.54,19,30,0
10984,00:00.0,00:00.0,00:00.0,211.22,18.4,15,0.1
10985,00:00.0,00:00.0,00:00.0,91.51,18,8,0.15
10986,00:00.0,00:00.0,00:00.0,217.86,6,10,0
10987,00:00.0,00:00.0,00:00.0,185.48,38,30,0.15
10988,00:00.0,00:00.0,00:00.0,61.14,22,50,0.1
10989,00:00.0,00:00.0,00:00.0,34.76,19,30,0.1
10990,00:00.0,00:00.0,00:00.0,117.61,21,3,0
10991,00:00.0,00:00.0,00:00.0,38.51,2.5,8,0.2
10992,00:00.0,00:00.0,00:00.0,4.27,34.8,9,0
10993,00:00.0,00:00.0,00:00.0,8.81,24,14,0
10994,00:00.0,00:00.0,00:00.0,65.53,12.5,20,0
10995,00:00.0,00:00.0,00:00.0,46,36,10,0
10996,00:00.0,00:00.0,00:00.0,1.12,39,40,0
10997,00:00.0,00:00.0,00:00.0,73.91,46,25,0
10998,00:00.0,00:00.0,00:00.0,20.31,28.5,20,0
10999,00:00.0,00:00.0,00:00.0,96.35,18,50,0
11000,00:00.0,00:00.0,00:00.0,55.12,55,2,0
11001,00:00.0,00:00.0,00:00.0,197.3,25.89,15,0
11002,00:00.0,00:00.0,00:00.0,141.16,17,24,0
11003,00:00.0,00:00.0,00:00.0,14.91,22,50,0.05
11004,00:00.0,00:00.0,00:00.0,44.84,34.8,24,0
11005,00:00.0,00:00.0,00:00.0,0.75,15,24,0.05
11006,00:00.0,00:00.0,00:00.0,25.19,25.89,10,0
11007,00:00.0,00:00.0,00:00.0,202.24,18.4,10,0.2
11008,00:00.0,00:00.0,NULL,79.46,7.45,10,0.2
11009,00:00.0,00:00.0,00:00.0,59.11,21,50,0.1
11010,00:00.0,00:00.0,00:00.0,28.71,18.4,10,0.1
11011,00:00.0,00:00.0,00:00.0,1.21,19.5,5,0.1
11012,00:00.0,00:00.0,00:00.0,242.95,55,15,0.1
11013,00:00.0,00:00.0,00:00.0,32.99,38,15,0.25
11014,00:00.0,00:00.0,00:00.0,23.6,12.5,20,0
11015,00:00.0,00:00.0,00:00.0,4.62,2.5,30,0
11016,00:00.0,00:00.0,00:00.0,33.8,34,35,0.25
11017,00:00.0,00:00.0,00:00.0,754.26,12.5,30,0
11018,00:00.0,00:00.0,00:00.0,11.65,53,6,0
11019,00:00.0,00:00.0,NULL,3.17,13.25,20,0
11020,00:00.0,00:00.0,00:00.0,43.3,34.8,21,0
11021,00:00.0,00:00.0,00:00.0,297.18,15,9,0
11022,00:00.0,00:00.0,00:00.0,6.27,15,7,0
11023,00:00.0,00:00.0,00:00.0,123.83,34.8,1,0
11024,00:00.0,00:00.0,00:00.0,74.36,6,8,0
11025,00:00.0,00:00.0,00:00.0,29.17,10,15,0
11026,00:00.0,00:00.0,00:00.0,47.09,2.5,15,0
11027,00:00.0,00:00.0,00:00.0,52.52,20,6,0
11028,00:00.0,00:00.0,00:00.0,29.59,10,60,0
11029,00:00.0,00:00.0,00:00.0,47.84,31.23,40,0
11030,00:00.0,00:00.0,00:00.0,830.75,263.5,30,0
11031,00:00.0,00:00.0,00:00.0,227.22,12.5,35,0
11032,00:00.0,00:00.0,00:00.0,606.19,4.5,35,0.1
11033,00:00.0,00:00.0,00:00.0,84.74,263.5,4,0.1
11034,00:00.0,00:00.0,00:00.0,40.32,21.05,36,0.1
11035,00:00.0,00:00.0,00:00.0,0.17,21.5,9,0.1
11036,00:00.0,00:00.0,00:00.0,149.47,21,15,0.05
11037,00:00.0,00:00.0,00:00.0,3.2,7.45,24,0.05
11038,00:00.0,00:00.0,00:00.0,29.59,38,30,0.15
11039,00:00.0,00:00.0,NULL,65,9,70,0.15
11040,00:00.0,00:00.0,NULL,18.84,45.6,7,0
11041,00:00.0,00:00.0,00:00.0,48.22,14,7,0
11042,00:00.0,00:00.0,00:00.0,29.99,21,10,0
11043,00:00.0,00:00.0,00:00.0,8.8,30,10,0
11044,00:00.0,00:00.0,00:00.0,8.72,18,30,0
11045,00:00.0,00:00.0,NULL,70.58,49.3,40,0
11046,00:00.0,00:00.0,00:00.0,71.64,32,24,0.15
11047,00:00.0,00:00.0,00:00.0,46.62,19,60,0
11048,00:00.0,00:00.0,00:00.0,24.12,14,10,0.25
11049,00:00.0,00:00.0,00:00.0,8.34,9.65,14,0
11050,00:00.0,00:00.0,00:00.0,59.41,12.5,55,0.15
11051,00:00.0,00:00.0,NULL,2.79,9.5,100,0.15
11052,00:00.0,00:00.0,00:00.0,67.26,53,48,0.15
11053,00:00.0,00:00.0,00:00.0,53.05,39,8,0.1
11054,00:00.0,00:00.0,NULL,0.33,9.2,10,0
11055,00:00.0,00:00.0,00:00.0,120.92,10,6,0.1
11056,00:00.0,00:00.0,00:00.0,278.96,28.5,10,0.1
11057,00:00.0,00:00.0,00:00.0,4.13,17.45,40,0.15
11058,00:00.0,00:00.0,NULL,31.14,18,20,0.15
11059,00:00.0,00:00.0,NULL,85.8,19.45,40,0
11060,00:00.0,00:00.0,00:00.0,10.98,36,18,0
11061,00:00.0,00:00.0,NULL,14.01,7.75,30,0
11062,00:00.0,00:00.0,NULL,29.93,21,15,0
11063,00:00.0,00:00.0,00:00.0,81.73,17.45,14,0
11064,00:00.0,00:00.0,00:00.0,30.09,21,24,0
11065,00:00.0,00:00.0,NULL,12.91,12.5,30,0
11066,00:00.0,00:00.0,00:00.0,44.72,18,6,0
11067,00:00.0,00:00.0,00:00.0,7.98,17.45,30,0.05
11068,00:00.0,00:00.0,NULL,81.75,9,20,0.05
11069,00:00.0,00:00.0,00:00.0,15.67,49.3,20,0.05
11070,00:00.0,00:00.0,NULL,136,13,10,0.05
11071,00:00.0,00:00.0,NULL,0.93,23.25,30,0.2
11072,00:00.0,00:00.0,NULL,258.64,9.2,35,0.2
11073,00:00.0,00:00.0,NULL,24.95,4.5,18,0.2
11074,00:00.0,00:00.0,NULL,18.44,53,20,0.2
11075,00:00.0,00:00.0,NULL,6.19,38,40,0.2
11076,00:00.0,00:00.0,NULL,38.28,34.8,24,0
11077,00:00.0,00:00.0,NULL,8.53,33.25,30,0
,,,,,7.75,20,0
,,,,,9.5,25,0
,,,,,53,20,0
,,,,,7,30,0
,,,,,32.8,18,0
,,,,,15,3,0
,,,,,9.65,12,0.05
,,,,,24,18,0.05
,,,,,25.89,20,0
,,,,,49.3,15,0.25
,,,,,19.45,10,0
,,,,,53,50,0
,,,,,2.5,20,0.1
,,,,,49.3,10,0.1
,,,,,19,25,0
,,,,,7,70,0
,,,,,39,16,0.05
,,,,,12.5,6,0.05
,,,,,24,25,0.05
,,,,,4.5,25,0.1
,,,,,33.25,18,0.1
,,,,,21,35,0.15
,,,,,62.5,18,0.15
,,,,,18,10,0
,,,,,12.5,60,0.2
,,,,,53,3,0
,,,,,55,40,0.2
,,,,,31,5,0
,,,,,12.5,35,0.2
,,,,,18,30,0
,,,,,21,15,0.05
,,,,,38,60,0.05
,,,,,23.25,11,0.15
,,,,,14,28,0.15
,,,,,17.45,12,0.1
,,,,,32,10,0.1
,,,,,18.4,50,0
,,,,,7.75,15,0.1
,,,,,39,18,0
,,,,,14,40,0
,,,,,32.8,25,0
,,,,,2.5,14,0
,,,,,18.4,2,0
,,,,,49.3,10,0
,,,,,33.25,6,0
,,,,,55,12,0
,,,,,43.9,6,0
,,,,,34.8,30,0
,,,,,18,10,0
,,,,,18,10,0
,,,,,12.5,20,0
,,,,,19.45,21,0
,,,,,18,10,0
,,,,,7.75,20,0
,,,,,13,18,0
,,,,,18,20,0
,,,,,19.5,6,0
,,,,,15.5,10,0
,,,,,7.75,21,0
,,,,,23.25,15,0.05
,,,,,9.65,9,0.05
,,,,,21.05,30,0.05
,,,,,7.75,50,0.2
,,,,,19.5,4,0
,,,,,18,14,0
,,,,,123.79,10,0
,,,,,34,24,0.15
,,,,,36,10,0.15
,,,,,12.5,50,0.05
,,,,,9.5,15,0
,,,,,7,4,0.15
,,,,,31.23,6,0
,,,,,18,20,0
,,,,,13,20,0
,,,,,62.5,40,0.2
,,,,,14,100,0.2
,,,,,18,4,0
,,,,,18,20,0
,,,,,13,60,0.05
,,,,,10,14,0
,,,,,30,10,0
,,,,,7.45,50,0
,,,,,15.5,25,0.05
,,,,,31.23,5,0.05
,,,,,81,21,0.2
,,,,,36,20,0.2
,,,,,18,4,0.2
,,,,,7,24,0
,,,,,13.25,30,0
,,,,,18,30,0.25
,,,,,28.5,120,0.25
,,,,,36,65,0.25
,,,,,38,5,0.2
,,,,,43.9,24,0.2
,,,,,7.75,30,0.2
,,,,,4.5,35,0.2
,,,,,19.5,20,0
,,,,,21.05,12,0.2
,,,,,43.9,50,0
,,,,,21.5,9,0
,,,,,49.3,10,0
,,,,,7.45,4,0
,,,,,15,30,0
,,,,,6,60,0
,,,,,55,35,0
,,,,,13,5,0.25
,,,,,21,48,0
,,,,,20,25,0.05
,,,,,12.75,6,0.1
,,,,,18,10,0.1
,,,,,17.45,30,0.05
,,,,,55,20,0.05
,,,,,34,70,0.05
,,,,,21.5,15,0.05
,,,,,22,20,0.2
,,,,,24,20,0.2
,,,,,49.3,10,0.2
,,,,,30,45,0
,,,,,39,100,0
,,,,,2.5,14,0
,,,,,18.4,42,0
,,,,,34.8,12,0
,,,,,38,28,0
,,,,,18,3,0
,,,,,31,10,0
,,,,,10,6,0
,,,,,19,21,0.25
,,,,,18,6,0
,,,,,19,10,0
,,,,,34,15,0
,,,,,31,70,0
,,,,,19,55,0
,,,,,20,18,0
,,,,,34,40,0
,,,,,18,80,0
,,,,,6,8,0.1
,,,,,7.75,40,0
,,,,,21,14,0
,,,,,10,8,0
,,,,,18,5,0
,,,,,24,5,0
,,,,,263.5,15,0.05
,,,,,38,14,0
,,,,,15,15,0.05
,,,,,21.5,15,0.05
,,,,,55,30,0.15
,,,,,25,70,0
,,,,,38,20,0
,,,,,12.5,15,0
,,,,,10,42,0
,,,,,21,40,0
,,,,,4.5,5,0
,,,,,7,5,0
,,,,,9.2,5,0
,,,,,9,10,0
,,,,,15,20,0
,,,,,21.5,15,0
,,,,,19,20,0
,,,,,12.5,18,0.2
,,,,,23.25,21,0
,,,,,9.2,15,0.1
,,,,,10,25,0.1
,,,,,4.5,3,0
,,,,,18,30,0.1
,,,,,45.6,10,0
,,,,,123.79,6,0
,,,,,19.45,10,0
,,,,,23.25,3,0
,,,,,14,5,0
,,,,,34,10,0
,,,,,32.8,12,0
,,,,,34,20,0
,,,,,21.5,20,0
,,,,,49.3,15,0
,,,,,15,35,0.15
,,,,,18,25,0
,,,,,123.79,20,0
,,,,,33.25,9,0
,,,,,24,12,0.05
,,,,,18,35,0
,,,,,7.75,8,0.1
,,,,,19,30,0.05
,,,,,2.5,20,0.05
,,,,,38,36,0.15
,,,,,6,13,0.15
,,,,,31.23,35,0.15
,,,,,49.3,80,0.15
,,,,,30,35,0
,,,,,62.5,50,0
,,,,,53,15,0
,,,,,7.75,2,0
,,,,,22,10,0.1
,,,,,21.35,15,0.1
,,,,,21,40,0
,,,,,22,25,0
,,,,,13.25,6,0
,,,,,21,10,0
,,,,,16.25,25,0.05
,,,,,38,60,0.05
,,,,,9.5,20,0
,,,,,21.05,21,0
,,,,,34.8,60,0
,,,,,62.5,8,0
,,,,,36,20,0.25
,,,,,15,15,0.25
,,,,,19,50,0
,,,,,18.4,60,0
,,,,,10,30,0.2
,,,,,28.5,20,0.2
,,,,,45.6,15,0.25
,,,,,18,21,0.25
,,,,,12,2,0.25
,,,,,62.5,4,0.1
,,,,,46,20,0
,,,,,12,21,0.1
,,,,,62.5,20,0
,,,,,19,15,0
,,,,,18,15,0.25
,,,,,31,18,0.25
,,,,,21.5,30,0.25
,,,,,13,35,0.25
,,,,,9.2,30,0
,,,,,18,20,0
,,,,,21,15,0
,,,,,4.5,15,0.15
,,,,,45.6,20,0
,,,,,34.8,15,0
,,,,,25.89,30,0
,,,,,32.8,25,0.05
,,,,,7.45,30,0
,,,,,9.2,12,0.25
,,,,,21,20,0.25
,,,,,25.89,2,0.25
,,,,,14,20,0
,,,,,17.45,30,0.1
,,,,,34,20,0.1
,,,,,22,12,0.1
,,,,,18,20,0.1
,,,,,7.45,6,0.1
,,,,,9.65,20,0.2
,,,,,23.25,3,0.1
,,,,,19.45,28,0.1
,,,,,9.5,6,0.1
,,,,,15.5,50,0
,,,,,9.65,24,0
,,,,,12,45,0
,,,,,9.5,10,0
,,,,,38,45,0
,,,,,34,30,0
,,,,,10,60,0
,,,,,18.4,70,0.05
,,,,,34,55,0.05
,,,,,13,70,0.05
,,,,,12.5,20,0.05
,,,,,18.4,24,0.05
,,,,,15,40,0.05
,,,,,81,21,0
,,,,,18,3,0.2
,,,,,13.25,49,0.2
,,,,,12.5,10,0
,,,,,18.4,30,0.05
,,,,,14,30,0.05
,,,,,53,20,0.05
,,,,,31,24,0.15
,,,,,38,12,0.15
,,,,,21.05,15,0.15
,,,,,53,20,0
,,,,,55,1,0
,,,,,18,10,0
,,,,,123.79,36,0
,,,,,21.05,10,0
,,,,,36,45,0.2
,,,,,21.5,14,0.2
,,,,,12.5,8,0.1
,,,,,24,4,0.1
,,,,,33.25,15,0.1
,,,,,19,30,0
,,,,,9,32,0
,,,,,12,60,0
,,,,,14,25,0
,,,,,15,50,0
,,,,,7.75,25,0
,,,,,17.45,10,0
,,,,,49.3,10,0
,,,,,21.05,12,0
,,,,,263.5,15,0.1
,,,,,21.5,12,0
,,,,,17.45,3,0
,,,,,14,6,0
,,,,,46,6,0
,,,,,9,5,0
,,,,,23.25,30,0
,,,,,32.8,10,0
,,,,,13.25,30,0
,,,,,31,2,0
,,,,,9.2,7,0
,,,,,19.45,21,0
,,,,,31.23,30,0.15
,,,,,2.5,8,0.15
,,,,,38,100,0
,,,,,2.5,30,0
,,,,,9.65,120,0
,,,,,7.45,30,0
,,,,,55,12,0
,,,,,17.45,50,0.25
,,,,,12.5,20,0.25
,,,,,14,40,0.25
,,,,,9.2,30,0.1
,,,,,10,12,0.1
,,,,,33.25,28,0
,,,,,2.5,30,0
,,,,,17,4,0
,,,,,7.75,30,0
,,,,,7,9,0
,,,,,18.4,20,0
,,,,,9.5,40,0
,,,,,34,30,0
,,,,,31,20,0
,,,,,9.65,4,0
,,,,,9.5,15,0
,,,,,39,30,0.2
,,,,,31.23,15,0
,,,,,97,50,0.25
,,,,,123.79,10,0
,,,,,19,6,0.25
,,,,,31,18,0.1
,,,,,45.6,60,0.1
,,,,,14,14,0
,,,,,18,35,0.25
,,,,,38,20,0.25
,,,,,13,30,0.25
,,,,,18,30,0
,,,,,123.79,40,0
,,,,,46,40,0
,,,,,19.45,24,0
,,,,,49.3,48,0
,,,,,43.9,20,0
,,,,,97,6,0
,,,,,7.45,60,0.15
,,,,,36,30,0.15
,,,,,15,15,0.15
,,,,,30,90,0
,,,,,55,25,0
,,,,,15,50,0
,,,,,40,10,0
,,,,,38,4,0
,,,,,4.5,20,0
,,,,,39,20,0
,,,,,12,18,0
,,,,,9.2,7,0.25
,,,,,18,9,0.25
,,,,,13.25,30,0.25
,,,,,15,30,0.25
,,,,,21,15,0
,,,,,39,8,0.05
,,,,,123.79,12,0.05
,,,,,21.05,65,0.05
,,,,,15,8,0.05
,,,,,9.5,12,0
,,,,,18,5,0.2
,,,,,14,12,0.2
,,,,,12.5,40,0.2
,,,,,21.5,60,0.2
,,,,,55,42,0.15
,,,,,21.5,20,0.15
,,,,,18,35,0.15
,,,,,10,6,0
,,,,,18,15,0
,,,,,19,5,0
,,,,,55,35,0
,,,,,15,35,0
,,,,,22,6,0
,,,,,4.5,35,0
,,,,,12.75,24,0
,,,,,12.5,20,0
,,,,,32,4,0
,,,,,17.45,20,0
,,,,,46,24,0
,,,,,55,8,0
,,,,,24,21,0
,,,,,19.5,40,0
,,,,,15,28,0.15
,,,,,21.35,4,0
,,,,,19,5,0
,,,,,40,40,0
,,,,,53,28,0
,,,,,34,10,0
,,,,,9.2,5,0
,,,,,9.5,5,0
,,,,,9.2,12,0
,,,,,9.65,42,0
,,,,,32.8,120,0
,,,,,32.8,3,0.05
,,,,,38,30,0
,,,,,31,18,0
,,,,,31.23,30,0
,,,,,9.5,110,0
,,,,,12,24,0
,,,,,19,30,0.25
,,,,,39,27,0.25
,,,,,9.5,50,0.25
,,,,,38,18,0.25
,,,,,13.25,12,0.25
,,,,,31,21,0
,,,,,21.5,30,0
,,,,,10,5,0
,,,,,53,7,0
,,,,,28.5,10,0
,,,,,10,32,0.05
,,,,,7.45,15,0
,,,,,36,25,0.05
,,,,,38,36,0
,,,,,17.45,20,0
,,,,,19,40,0
,,,,,49.3,20,0
,,,,,62.5,12,0.25
,,,,,25.89,3,0.25
,,,,,7.45,40,0.25
,,,,,18,21,0
,,,,,21.5,8,0
,,,,,19.45,50,0.05
,,,,,19,3,0
,,,,,12.5,50,0
,,,,,12.5,45,0
,,,,,7.75,42,0
,,,,,31.23,15,0
,,,,,31,16,0
,,,,,28.5,5,0
,,,,,9.65,12,0
,,,,,7,4,0
,,,,,24,6,0
,,,,,22,25,0
,,,,,21,5,0
,,,,,39,20,0.05
,,,,,38,10,0.05
,,,,,55,10,0.05
,,,,,25.89,15,0
,,,,,18.4,6,0
,,,,,24,12,0
,,,,,34,15,0
,,,,,18,50,0
,,,,,10,30,0
,,,,,16.25,40,0
,,,,,17.45,15,0.05
,,,,,12.5,3,0.05
,,,,,21.05,10,0.05
,,,,,10,40,0.05
,,,,,53,30,0.05
,,,,,18,20,0
,,,,,23.25,16,0
,,,,,45.6,20,0
,,,,,7,25,0
,,,,,25,30,0
,,,,,25.89,15,0
,,,,,18,20,0
,,,,,28.5,20,0.1
,,,,,13,2,0.1
,,,,,21.05,40,0
,,,,,7.75,20,0
,,,,,6,4,0
,,,,,9.65,12,0
,,,,,17.45,3,0
,,,,,19,6,0
,,,,,7,18,0
,,,,,45.6,5,0.2
,,,,,18,35,0.2
,,,,,9.5,40,0.2
,,,,,38,14,0.2
,,,,,19,15,0.2
,,,,,10,20,0
,,,,,34,50,0
,,,,,34.8,35,0
,,,,,12,28,0.05
,,,,,18.4,50,0.2
,,,,,62.5,24,0
,,,,,19.45,16,0
,,,,,55,45,0
,,,,,34.8,7,0
,,,,,6,6,0
,,,,,14,28,0
,,,,,49.3,9,0
,,,,,36,40,0
,,,,,12.5,8,0
,,,,,9.65,35,0
,,,,,43.9,9,0
,,,,,36,30,0
,,,,,9,44,0
,,,,,18.4,40,0
,,,,,38,28,0
,,,,,38,15,0
,,,,,55,6,0
,,,,,18,10,0
,,,,,23.25,5,0.15
,,,,,9.5,40,0.15
,,,,,55,25,0.15
,,,,,31.23,12,0.1
,,,,,25.89,30,0
,,,,,16.25,20,0.1
,,,,,15,15,0
,,,,,18,8,0
,,,,,36,3,0
,,,,,9.5,4,0
,,,,,10,5,0
,,,,,18.4,3,0
,,,,,9.5,30,0.25
,,,,,38,30,0.25
,,,,,19.5,14,0.25
,,,,,36,25,0.25
,,,,,62.5,21,0.2
,,,,,19,20,0.2
,,,,,12.5,6,0.2
,,,,,36,20,0.2
,,,,,14,30,0
,,,,,55,7,0
,,,,,49.3,30,0
,,,,,33.25,24,0
,,,,,31.23,20,0
,,,,,7,60,0
,,,,,15,40,0
,,,,,32,10,0
,,,,,14,12,0.25
,,,,,43.9,40,0
,,,,,46,30,0.25
,,,,,14,35,0.25
,,,,,7.75,18,0
,,,,,18,16,0
,,,,,9.5,30,0
,,,,,53,28,0
,,,,,38,60,0
,,,,,10,40,0
,,,,,21,6,0
,,,,,4.5,20,0
,,,,,10,20,0.1
,,,,,18,130,0.1
,,,,,21.05,80,0.1
,,,,,19,40,0
,,,,,30,35,0
,,,,,12.5,40,0
,,,,,14,2,0
,,,,,21,4,0
,,,,,12.5,50,0
,,,,,34,15,0
,,,,,21.5,12,0
,,,,,9.65,30,0.05
,,,,,7,15,0.05
,,,,,28.5,20,0
,,,,,49.3,15,0
,,,,,21,15,0.25
,,,,,21.5,16,0
,,,,,123.79,18,0
,,,,,55,25,0
,,,,,39,33,0
,,,,,12.5,70,0.2
,,,,,7.75,7,0.2
,,,,,12.5,2,0.25
,,,,,17,50,0
,,,,,31,6,0
,,,,,14,3,0
,,,,,12.5,16,0.05
,,,,,14,12,0.05
,,,,,9.5,27,0.05
,,,,,53,120,0.05
,,,,,14,20,0.2
,,,,,9.65,10,0
,,,,,17.45,20,0
,,,,,49.3,20,0
,,,,,15,35,0
,,,,,13,15,0
,,,,,7.45,3,0.2
,,,,,38,20,0.2
,,,,,10,35,0
,,,,,12.5,1,0
,,,,,12.5,10,0
,,,,,263.5,5,0
,,,,,19,30,0
,,,,,18,2,0.15
,,,,,34.8,30,0.15
,,,,,31,10,0
,,,,,7.75,10,0
,,,,,40,30,0.2
,,,,,25.89,15,0.2
,,,,,7.75,42,0.2
,,,,,19,15,0.05
,,,,,123.79,20,0.05
,,,,,9.2,50,0.05
,,,,,7.75,40,0.05
,,,,,62.5,30,0
,,,,,18,15,0
,,,,,43.9,30,0
,,,,,12.5,18,0
,,,,,30,3,0.15
,,,,,38,20,0.15
,,,,,123.79,14,0.05
,,,,,9.65,20,0.05
,,,,,19,10,0
,,,,,7.45,3,0
,,,,,12.5,15,0
,,,,,9.65,14,0
,,,,,7,8,0
,,,,,23.25,15,0.2
,,,,,7.45,6,0.2
,,,,,17.45,65,0
,,,,,39,35,0.25
,,,,,31.23,21,0.2
,,,,,19.45,10,0
,,,,,33.25,35,0.2
,,,,,36,24,0.2
,,,,,21,20,0
,,,,,49.3,2,0
,,,,,34.8,10,0
,,,,,6,20,0.15
,,,,,4.5,20,0.15
,,,,,55,25,0
,,,,,21,50,0.1
,,,,,53,10,0.1
,,,,,7.45,7,0.1
,,,,,39,40,0.25
,,,,,123.79,20,0.25
,,,,,25.89,25,0.25
,,,,,53,30,0.25
,,,,,24,60,0.25
,,,,,49.3,5,0.25
,,,,,9.2,24,0.05
,,,,,14,15,0.05
,,,,,55,15,0.05
,,,,,31,36,0
,,,,,45.6,24,0
,,,,,20,4,0.15
,,,,,14,10,0
,,,,,263.5,10,0
,,,,,19,20,0.25
,,,,,21.05,2,0
,,,,,10,15,0.25
,,,,,18.4,1,0
,,,,,38,20,0.15
,,,,,18,50,0.15
,,,,,7,20,0
,,,,,6,7,0
,,,,,14,5,0
,,,,,15,5,0
,,,,,9.2,15,0
,,,,,9,18,0
,,,,,18.4,30,0
,,,,,12.5,16,0.1
,,,,,34.8,40,0.1
,,,,,13,20,0
,,,,,19,12,0.2
,,,,,12,35,0
,,,,,9.65,20,0
,,,,,46,20,0.15
,,,,,12.75,8,0.15
,,,,,28.5,30,0.15
,,,,,2.5,16,0
,,,,,263.5,30,0.05
,,,,,49.3,20,0.05
,,,,,31.23,40,0.15
,,,,,263.5,30,0
,,,,,18.4,60,0.15
,,,,,49.3,25,0.15
,,,,,32,20,0
,,,,,9.65,20,0
,,,,,46,7,0
,,,,,7.75,20,0
,,,,,38,30,0
,,,,,18,20,0
,,,,,53,6,0
,,,,,49.3,3,0
,,,,,15,6,0
,,,,,21,20,0.1
,,,,,19.5,15,0
,,,,,55,40,0.1
,,,,,13,15,0.1
,,,,,9.65,12,0
,,,,,15,9,0
,,,,,31.23,12,0
,,,,,32.8,20,0
,,,,,12.5,35,0
,,,,,19.5,15,0
,,,,,31,15,0
,,,,,18,21,0
,,,,,81,5,0
,,,,,263.5,2,0
,,,,,19,10,0
,,,,,40,20,0
,,,,,6,10,0
,,,,,34,21,0
,,,,,25,6,0
,,,,,18,28,0
,,,,,34,30,0
,,,,,12.5,24,0
,,,,,9.2,2,0
,,,,,18,8,0
,,,,,263.5,8,0
,,,,,46,9,0
,,,,,6,3,0.2
,,,,,14,10,0.2
,,,,,19.45,16,0.2
,,,,,33.25,3,0
,,,,,30,20,0.1
,,,,,12.5,9,0.1
,,,,,32.8,9,0.1
,,,,,123.79,8,0.05
,,,,,25.89,20,0.05
,,,,,55,15,0
,,,,,13,2,0.2
,,,,,21,52,0
,,,,,18,6,0
,,,,,19.5,24,0
,,,,,34,60,0
,,,,,33.25,30,0
,,,,,6,6,0
,,,,,18.4,25,0
,,,,,9.5,40,0.25
,,,,,18,21,0.25
,,,,,18,4,0.25
,,,,,62.5,25,0.25
,,,,,19,50,0.25
,,,,,13.25,30,0.1
,,,,,34.8,15,0.1
,,,,,14,6,0.2
,,,,,18,10,0.2
,,,,,31,16,0
,,,,,38,30,0
,,,,,55,50,0
,,,,,13,15,0
,,,,,21,15,0
,,,,,46,5,0
,,,,,12.5,20,0
,,,,,15,12,0
,,,,,53,4,0.25
,,,,,21,35,0
,,,,,9,70,0.1
,,,,,18,25,0.1
,,,,,14,42,0.1
,,,,,13.25,60,0.1
,,,,,33.25,48,0
,,,,,22,21,0
,,,,,15,30,0
,,,,,10,20,0
,,,,,18,80,0.2
,,,,,9.2,12,0.2
,,,,,26,60,0.2
,,,,,9.5,36,0.2
,,,,,34,45,0.2
,,,,,21.5,55,0.2
,,,,,21.35,30,0
,,,,,97,3,0
,,,,,10,49,0
,,,,,31.23,18,0.15
,,,,,14,20,0.15
,,,,,2.5,4,0.15
,,,,,15,30,0.15
,,,,,19,5,0.05
,,,,,14,10,0.05
,,,,,19.5,10,0.05
,,,,,55,42,0.05
,,,,,19,15,0
,,,,,39,6,0
,,,,,49.3,50,0
,,,,,62.5,10,0
,,,,,31,100,0.15
,,,,,6,65,0.15
,,,,,17.45,50,0
,,,,,12.5,14,0
,,,,,38,24,0
,,,,,21.05,15,0.15
,,,,,19,20,0
,,,,,14,20,0
,,,,,10,30,0
,,,,,31.23,35,0.25
,,,,,123.79,10,0.25
,,,,,30,5,0
,,,,,43.9,10,0
,,,,,15,4,0
,,,,,4.5,40,0.25
,,,,,7.45,35,0.25
,,,,,33.25,30,0.25
,,,,,53,3,0
,,,,,18,20,0
,,,,,39,42,0
,,,,,62.5,20,0
,,,,,10,40,0
,,,,,2.5,35,0
,,,,,49.3,3,0
,,,,,21,25,0
,,,,,7,8,0
,,,,,18,20,0.15
,,,,,13.25,12,0.15
,,,,,18,4,0
,,,,,14,15,0
,,,,,263.5,60,0.05
,,,,,18,80,0.05
,,,,,19,21,0.25
,,,,,4.5,6,0.25
,,,,,25.89,40,0.25
,,,,,32.8,3,0
,,,,,31.23,20,0
,,,,,18,30,0
,,,,,20,42,0.1
,,,,,18,40,0
,,,,,21,10,0
,,,,,9,50,0
,,,,,12.5,20,0
,,,,,18,3,0
,,,,,53,2,0
,,,,,25,50,0.05
,,,,,17.45,12,0.05
,,,,,39,16,0.05
,,,,,24,10,0.05
,,,,,49.3,20,0.05
,,,,,33.25,15,0.05
,,,,,21.05,21,0.05
,,,,,10,20,0
,,,,,45.6,3,0
,,,,,31,10,0
,,,,,9.2,25,0
,,,,,9.5,21,0.1
,,,,,20,15,0
,,,,,12,21,0
,,,,,33.25,20,0
,,,,,17.45,30,0.25
,,,,,62.5,25,0
,,,,,81,20,0.05
,,,,,18.4,12,0
,,,,,21.05,10,0
,,,,,18,10,0
,,,,,9,30,0.2
,,,,,28.5,30,0.2
,,,,,15,50,0.2
,,,,,15,10,0
,,,,,14,25,0
,,,,,20,20,0.15
,,,,,7.45,32,0.15
,,,,,4.5,8,0
,,,,,10,40,0.05
,,,,,38,21,0.05
,,,,,21.05,12,0.05
,,,,,19,20,0
,,,,,4.5,12,0
,,,,,15,30,0
,,,,,13,25,0
,,,,,31,70,0
,,,,,12.5,35,0
,,,,,13,40,0
,,,,,14,5,0
,,,,,19,20,0
,,,,,12.5,18,0
,,,,,21,40,0
,,,,,263.5,40,0
,,,,,39,15,0
,,,,,14,10,0
,,,,,9.65,14,0
,,,,,25.89,15,0.05
,,,,,55,40,0.05
,,,,,40,30,0
,,,,,4.5,10,0
,,,,,123.79,24,0
,,,,,25.89,35,0
,,,,,19,20,0
,,,,,6,28,0.05
,,,,,36,50,0.05
,,,,,7.75,120,0.05
,,,,,4.5,110,0
,,,,,18,45,0
,,,,,18.4,91,0
,,,,,34,100,0
,,,,,9.5,15,0
,,,,,38,16,0
,,,,,123.79,80,0
,,,,,25.89,36,0
,,,,,6,5,0
,,,,,18,8,0.15
,,,,,15,3,0.25
,,,,,9.65,30,0
,,,,,21.5,30,0
,,,,,24,30,0.15
,,,,,49.3,6,0.15
,,,,,6,40,0
,,,,,21.05,21,0
,,,,,12.5,20,0
,,,,,13.25,15,0
,,,,,49.3,35,0
,,,,,18,20,0.05
,,,,,28.5,15,0
,,,,,7.75,14,0
,,,,,30,20,0.05
,,,,,7,14,0.05
,,,,,30,12,0
,,,,,17.45,15,0
,,,,,9.65,5,0
,,,,,9.2,12,0
,,,,,20,10,0
,,,,,28.5,5,0
,,,,,18,10,0
,,,,,39,12,0
,,,,,14,15,0
,,,,,21,40,0.25
,,,,,123.79,60,0.25
,,,,,22,30,0.25
,,,,,2.5,40,0.25
,,,,,13.25,15,0
,,,,,21.5,25,0
,,,,,39,10,0
,,,,,2.5,30,0
,,,,,7.45,10,0
,,,,,17.45,6,0
,,,,,32,6,0
,,,,,19.5,20,0
,,,,,25.89,1,0
,,,,,34,10,0
,,,,,18,60,0.25
,,,,,34,25,0.25
,,,,,17.45,24,0
,,,,,14,24,0
,,,,,18.4,20,0
,,,,,16.25,24,0
,,,,,18,10,0
,,,,,43.9,40,0
,,,,,39,15,0
,,,,,4.5,35,0
,,,,,14,10,0.2
,,,,,46,10,0.2
,,,,,14,24,0.2
,,,,,31,20,0.1
,,,,,45.6,30,0.1
,,,,,7.75,6,0
,,,,,19,25,0.15
,,,,,7,12,0.15
,,,,,21,2,0
,,,,,6,10,0
,,,,,9.2,7,0
,,,,,34.8,10,0
,,,,,81,5,0
,,,,,7,5,0
,,,,,18,20,0
,,,,,9.5,5,0
,,,,,18,5,0
,,,,,10,60,0
,,,,,7.75,49,0
,,,,,13,15,0
,,,,,10,36,0
,,,,,43.9,25,0
,,,,,24,25,0.2
,,,,,13.25,30,0.2
,,,,,6,42,0.15
,,,,,19.5,30,0
,,,,,17.45,30,0.1
,,,,,49.3,14,0.1
,,,,,34.8,16,0
,,,,,7.75,20,0.1
,,,,,32.8,2,0
,,,,,28.5,30,0
,,,,,25,20,0
,,,,,18,21,0
,,,,,62.5,4,0.25
,,,,,9,8,0.25
,,,,,19,30,0.2
,,,,,45.6,8,0
,,,,,14,20,0
,,,,,6,20,0.25
,,,,,46,24,0.25
,,,,,34,49,0.25
,,,,,21.5,35,0.25
,,,,,19,10,0.15
,,,,,14,40,0.15
,,,,,30,8,0
,,,,,6,20,0
,,,,,12.5,44,0.25
,,,,,49.3,30,0.25
,,,,,12.5,80,0.25
,,,,,34.8,50,0
,,,,,20,28,0
,,,,,6,15,0
,,,,,21,21,0
,,,,,12,15,0
,,,,,21,5,0.25
,,,,,19.45,18,0.25
,,,,,38,18,0
,,,,,6,20,0
,,,,,12.5,10,0
,,,,,31,25,0
,,,,,4.5,25,0
,,,,,13,40,0
,,,,,55,4,0
,,,,,16.25,9,0
,,,,,53,40,0
,,,,,24,4,0
,,,,,25,12,0
,,,,,31,30,0
,,,,,39,6,0
,,,,,49.3,60,0
,,,,,22,5,0
,,,,,2.5,15,0.05
,,,,,9.65,6,0.05
,,,,,7.75,50,0.05
,,,,,25,16,0.05
,,,,,45.6,2,0
,,,,,81,50,0.05
,,,,,12.5,50,0.05
,,,,,17.45,28,0.15
,,,,,12.5,25,0.15
,,,,,9.5,30,0
,,,,,34,24,0.15
,,,,,7.75,12,0.2
,,,,,10,12,0
,,,,,9.5,14,0
,,,,,53,8,0
,,,,,25.89,30,0
,,,,,18,40,0
,,,,,33.25,8,0
,,,,,21.35,20,0
,,,,,30,6,0
,,,,,34.8,5,0
,,,,,7.75,20,0.15
,,,,,4.5,10,0.25
,,,,,9.65,24,0
,,,,,7,6,0.05
,,,,,18,60,0
,,,,,30,45,0
,,,,,6,77,0
,,,,,32.8,20,0
,,,,,36,9,0
,,,,,18,44,0
,,,,,34,2,0.15
,,,,,62.5,6,0
,,,,,263.5,5,0
,,,,,36,10,0
,,,,,53,16,0
,,,,,26,8,0
,,,,,38,12,0.15
,,,,,49.3,12,0.15
,,,,,9.2,12,0
,,,,,20,40,0
,,,,,38,30,0
,,,,,4.5,30,0
,,,,,33.25,4,0
,,,,,12,9,0
,,,,,7,40,0.2
,,,,,123.79,14,0
,,,,,39,6,0
,,,,,2.5,7,0
,,,,,31.23,5,0
,,,,,9.65,6,0
,,,,,7.75,10,0
,,,,,43.9,10,0
,,,,,40,16,0
,,,,,7.75,10,0
,,,,,45.6,20,0
,,,,,18,30,0
,,,,,9.5,30,0
,,,,,53,10,0
,,,,,43.9,20,0
,,,,,40,20,0.15
,,,,,10,40,0.15
,,,,,18.4,10,0
,,,,,19.45,6,0.15
,,,,,30,18,0
,,,,,38,20,0
,,,,,4.5,80,0
,,,,,43.9,30,0
,,,,,12.5,24,0
,,,,,43.9,35,0
,,,,,7.75,40,0.2
,,,,,263.5,60,0
,,,,,30,20,0
,,,,,46,9,0
,,,,,6,84,0.15
,,,,,19.5,15,0
,,,,,17.45,55,0
,,,,,4.5,20,0
,,,,,19,40,0
,,,,,17.45,36,0.1
,,,,,62.5,8,0.1
,,,,,32,35,0.1
,,,,,21,30,0
,,,,,81,15,0
,,,,,18,10,0
,,,,,13,15,0
,,,,,30,60,0
,,,,,46,6,0
,,,,,34.8,20,0
,,,,,30,60,0
,,,,,49.3,40,0.1
,,,,,25,40,0
,,,,,21,15,0
,,,,,9.65,4,0
,,,,,10,65,0
,,,,,14,60,0.15
,,,,,24,65,0.15
,,,,,28.5,66,0.15
,,,,,19,50,0.2
,,,,,15,20,0.2
,,,,,18,90,0.2
,,,,,34.8,2,0
,,,,,123.79,50,0.25
,,,,,9.65,35,0.25
,,,,,55,18,0.05
,,,,,53,20,0
,,,,,34,4,0
,,,,,14,40,0
,,,,,32,50,0
,,,,,12,20,0.25
,,,,,7,20,0.25
,,,,,4.5,12,0
,,,,,28.5,7,0
,,,,,10,20,0
,,,,,7.75,30,0
,,,,,9.65,20,0.05
,,,,,53,15,0.05
,,,,,13,21,0.05
,,,,,22,25,0.25
,,,,,4.5,30,0.25
,,,,,13,30,0
,,,,,30,60,0
,,,,,21,25,0
,,,,,12,25,0
,,,,,24,6,0
,,,,,6,56,0
,,,,,18,15,0.15
,,,,,14,24,0.15
,,,,,24,40,0
,,,,,18,4,0
,,,,,18.4,10,0
,,,,,7,10,0
,,,,,31.23,6,0
,,,,,18,6,0
,,,,,18,2,0
,,,,,55,10,0
,,,,,18,8,0
,,,,,123.79,2,0.25
,,,,,40,30,0
,,,,,123.79,10,0
,,,,,14,14,0
,,,,,45.6,70,0.05
,,,,,14,90,0.05
,,,,,21.5,21,0
,,,,,4.5,12,0
,,,,,19,18,0.25
,,,,,34,9,0
,,,,,30,20,0
,,,,,4.5,10,0
,,,,,13.25,40,0.05
,,,,,21.5,20,0
,,,,,9.2,50,0.05
,,,,,34,36,0.05
,,,,,21.5,60,0.05
,,,,,9,10,0
,,,,,14,4,0
,,,,,9.5,20,0
,,,,,12.5,2,0
,,,,,9.65,28,0.1
,,,,,25.89,15,0
,,,,,13,18,0
,,,,,12.5,15,0
,,,,,19,16,0
,,,,,10,25,0
,,,,,55,110,0
,,,,,15,30,0
,,,,,38,20,0
,,,,,62.5,10,0
,,,,,38,5,0
,,,,,12,3,0
,,,,,20,2,0
,,,,,31,24,0.15
,,,,,19,11,0.25
,,,,,81,15,0
,,,,,31.23,63,0
,,,,,53,44,0.25
,,,,,34.8,35,0
,,,,,9.2,35,0
,,,,,36,30,0
,,,,,30,4,0
,,,,,46,30,0
,,,,,31.23,12,0
,,,,,2.5,30,0
,,,,,21.05,21,0
,,,,,21.5,50,0
,,,,,18,10,0.1
,,,,,6,20,0.1
,,,,,62.5,8,0
,,,,,53,10,0
,,,,,4.5,30,0.25
,,,,,49.3,21,0.25
,,,,,24,35,0
,,,,,55,24,0
,,,,,38,20,0
,,,,,43.9,12,0
,,,,,19,100,0.25
,,,,,21.35,70,0
,,,,,123.79,60,0.25
,,,,,55,100,0.25
,,,,,18,45,0
,,,,,6,80,0
,,,,,4.5,21,0
,,,,,33.25,20,0
,,,,,21.5,16,0
,,,,,19,35,0
,,,,,263.5,25,0
,,,,,55,30,0
,,,,,32.8,70,0.1
,,,,,36,36,0.1
,,,,,10,15,0.1
,,,,,19.45,12,0
,,,,,28.5,6,0
,,,,,18,10,0
,,,,,18,60,0
,,,,,14,30,0
,,,,,7.45,10,0
,,,,,6,7,0
,,,,,55,30,0
,,,,,15,4,0
,,,,,18.4,5,0.2
,,,,,7,2,0
,,,,,21.5,30,0
,,,,,45.6,20,0
,,,,,18,24,0
,,,,,20,60,0
,,,,,19.5,28,0
,,,,,10,20,0
,,,,,19,30,0.2
,,,,,43.9,30,0
,,,,,19.45,15,0
,,,,,28.5,4,0
,,,,,21,10,0
,,,,,49.3,12,0
,,,,,2.5,15,0
,,,,,53,24,0
,,,,,38,20,0.05
,,,,,32,15,0.05
,,,,,18,18,0.05
,,,,,18,25,0.25
,,,,,21.35,30,0.25
,,,,,12.5,42,0
,,,,,19,10,0.2
,,,,,38,4,0.2
,,,,,18,50,0.1
,,,,,4.5,10,0.2
,,,,,46,30,0.2
,,,,,28.5,10,0.2
,,,,,62.5,35,0.2
,,,,,32,20,0
,,,,,33.25,25,0.2
,,,,,2.5,10,0
,,,,,14,20,0
,,,,,4.5,15,0
,,,,,14,15,0
,,,,,53,20,0
,,,,,19.5,20,0
,,,,,30,40,0
,,,,,24,35,0
,,,,,34,50,0
,,,,,15,3,0
,,,,,10,3,0
,,,,,34,21,0
,,,,,28.5,4,0
,,,,,6,30,0
,,,,,39,12,0
,,,,,34,35,0
,,,,,34,4,0
,,,,,13,10,0
,,,,,34,15,0
,,,,,32.8,10,0.2
,,,,,15,12,0.2
,,,,,14,30,0
,,,,,18.4,40,0.1
,,,,,9.65,30,0.1
,,,,,39,77,0.1
,,,,,9.65,12,0
,,,,,32.8,25,0.1
,,,,,24,4,0.1
,,,,,12.5,55,0
,,,,,25.89,4,0.25
,,,,,7.45,20,0.25
,,,,,17.45,3,0
,,,,,9.2,42,0
,,,,,14,35,0
,,,,,9.65,9,0
,,,,,45.6,8,0.15
,,,,,46,36,0.15
,,,,,13,28,0.15
,,,,,18,20,0
,,,,,18,40,0.15
,,,,,19,20,0.15
,,,,,17.45,30,0.15
,,,,,12.5,20,0
,,,,,30,15,0.05
,,,,,6,10,0.05
,,,,,19,8,0
,,,,,9.65,40,0
,,,,,16.25,22,0
,,,,,33.25,130,0
,,,,,21,10,0
,,,,,4.5,20,0
,,,,,17.45,14,0.05
,,,,,19,10,0.15
,,,,,12,30,0.15
,,,,,18,2,0.15
,,,,,25,20,0.25
,,,,,23.25,20,0.25
,,,,,9.2,10,0.25
,,,,,19,24,0.2
,,,,,10,4,0
,,,,,22,1,0
,,,,,25,1,0.02
,,,,,30,1,0.05
,,,,,40,2,0.1
,,,,,31,1,0
,,,,,38,2,0.05
,,,,,6,4,0
,,,,,23.25,1,0.03
,,,,,17.45,2,0.03
,,,,,81,1,0.04
,,,,,9,2,0
,,,,,32,1,0
,,,,,18,2,0.05
,,,,,9.65,3,0
,,,,,12,3,0.02
,,,,,7,2,0
,,,,,24,2,0
,,,,,34,2,0.06
,,,,,33.25,2,0.03
,,,,,17,1,0
,,,,,15,2,0.01
,,,,,7.75,4,0
,,,,,13,2,0
